uuid,Void/Retire,Name,Concept Drug,
beda1537-bad0-42bc-932b-3e0924430f2a,,CES: Acenocumarol 4mg - 20 tabletas,CIEL:70105,
f43c2a49-cc3b-40e8-a1f9-cc8884e42fc9,,CES: Aciclovir 400mg - 35 tabletas,CIEL:70245,
2fcb821a-9e6b-424b-acad-85c2bddf46eb,TRUE,CES: Aciclovir 200mg / 5ml Suspension - Frasco con 125 ml,CIEL:70245,
035b7917-8bf1-4a74-a8e2-a59c53379101,,CES: Acido acetilsalicilico 100mg - 30 tabletas,PIH:88,
1c822ad4-c8dc-476a-b1d3-e35274bede42,TRUE,CES: Acido alendronico 70mg - 4 tabletas **especial**,CIEL:70496,
149d6d20-5042-45c7-bda8-277d6324ddc2,,CES: Acido folico 5mg - 20 tabletas,CIEL:76613,
21904c56-55f2-4055-862a-58669bef510a,,CES: Albendazol 200mg - 6 tabletas,PIH:941,
6bf41dd1-db94-483a-a69d-5113d914fbf8,,CES: Alopurinol 300mg - 30 tabletas,CIEL:70878,
b623e6cc-8b06-4dc0-a85b-b046af1df9b6,TRUE,"CES: Aluminio, magnesio y dimeticona - 50 tabletas",CIEL:70995,
c7fd3f48-2cd6-44e9-8760-3b58d465f47e,,"Hidróxido de aluminio 200 mg, Hidróxido de magnesio 200 mg, Dimeticona 20 mg -50 tabletas",CIEL:103526,
333dfe1c-ec5d-40d7-ba20-b21170b498d9,TRUE,CES: Amiodarona 200mg - 20 tabletas **especial**,CIEL:71118,
2b191dc8-f91e-4e5c-9659-7d0ffa22ec20,,CES: Amoxicilina 500 mg - 12 tabletas,PIH:265,
864d84f3-1136-4957-89b8-b396dfc4592e,,CES: Amoxicilina suspension 500mg/5ml - Frasco con polvo para 75ml,PIH:265,
a035ab5b-f2dd-4058-9933-ac1f107e6094,,CES: Amoxicilina/acido clavulanico 875mg/125mg - 10 tabletas,PIH:450,
ac73c5cd-c92a-4f91-a1b9-ef9230c48ec3,TRUE,CES: Atenolol 100mg - 28 tabletas,PIH:3186,
a1ed2bbb-125f-425c-8430-73db798924eb,,CES: Azitromicina 500 mg - 3 tabletas,PIH:735,
857000a4-9980-41cd-a3aa-59d0e90c8a70,,CES: Beclometasona 250mcg/100g aerosol - Frasco con 18 dosis,CIEL:71917,
090c129a-cc3e-4767-b0f5-f11035c5d33a,,CES: Betametasona 0.1% crema - Tubo con 30 g,CIEL:72120,
3eb80f6f-f7aa-4cdc-a3be-e5bbfdd1bd81,,CES: Subsalicilato de Bismuto 262mg - 24 tabletas,CIEL:72241,
c36c8678-cee8-47e5-9917-8ed1fe3b4df5,,CES: Subsalicilato de Bismuto 535mg suspension - frasco con 120ml,CIEL:72241,
22e3ccdc-f08c-40a2-a315-b8d74b7ddff1,,CES: Bloqueador solar FPS 50 - Tubo 60g,CIEL:165466,
89c8b180-6ff8-4d02-be0e-8c2be221f20c,,CES: Butilhioscina 10mg - 10 tabletas,CIEL:431,
ed459f10-0ea7-4330-a7da-b38994798cc6,,CES: Cabergolina 0.5 mg - 2 tabletas,CIEL:72595,
9a75055f-d761-49a3-a631-b35ab3bf7991,,CES: Carbamazepina 200mg - 20 tabletas,PIH:920,
5dec3b07-58a4-46ed-9904-efb146479e69,,CES: Carvedilol 25mg - 14 tabletas,PIH:3185,
7cff32ad-964f-40c7-8b34-c998d44b489b,,CES: Cefalexina 500mg - 12 tabletas,CIEL:73087,
296a838c-d16b-4533-9320-94130fc969df,,CES: Ciprofloxacino 500mg - 14 tabletas,PIH:740,
5d62c62b-dc56-45aa-a49a-39b4ab346ec3,,CES: Claritromicina 500mg - 10 tabletas,PIH:2459,
ab696eb1-efa8-41cc-b0a3-70ee03d69b94,,CES: Clortalidona 50mg - 20 tabletas,CIEL:73338,
48d22768-f78f-4198-9724-a86a3c0d9ef7,,CES: Colchicina 1mg - 30 tabletas,CIEL:73702,
ec8f41b7-3db4-472f-a291-02eacf48ca1b,,"CES: Dexametasona 0,5mg - 20 tabletas",CIEL:104425,
a98424c3-4fe8-4079-ad40-34d7e12692fd,,CES: Diclofenaco 100mg - 20 tabletas,CIEL:74782,
f97a3f87-5a4f-4334-80aa-6fa61cedb225,,CES: Digoxina 0.25mg - 20 tabletas,PIH:3488,
86dd0423-28a5-4752-996f-f3921b59cc18,TRUE,CES: Diu de cobre,PIH:12255,
98b8dbc8-1e40-4545-934f-4aa772b090db,,CES: Electrolitos orales - 1 sobre,PIH:351,
123ee45a-822f-4fdd-9f15-3b9bbfb745dd,,CES: Espironolactona 25mg - 30 tabletas,PIH:4061,
094c1dbb-4902-476a-9cec-bfaff966dc52,,CES: Estrogenos conjugados 0.625mg - 21 tabletas,CIEL:75928,
8787c42e-451e-4ef3-b62e-a70dac09eef1,,CES: Finasterida 5mg - 30 tabletas,CIEL:76376,
ce0201cc-3a12-4070-ae3b-77e90fe671c2,TRUE,CES: Fluoxetina 20mg - 28 tabletas,CIEL:76553,
9a018ae8-e822-40ea-baf6-c1edb036439e,,CES: Fluoxetina 20mg - 14 tabletas,CIEL:76553,
afb07a22-bac6-4fb2-89f7-a061b70f5803,,CES: Fumarato ferroso 200mg - 50 tabletas,CIEL:76335,
f2f58372-41dc-4406-9ddb-9ceffaf4a70b,,CES: Furosemida 40mg - 20 tabletas,PIH:99,
ffe3852f-0bc1-451c-b830-61fdd0772493,TRUE,CES: Gel de glucosa oral,PIH:351,
687a836f-5f9f-43db-abfe-a2063bbb1451,TRUE,"CES: Gluconato de calcio inyectable 10% - ampolla","PIH:4035"
9eb90d63-bd63-4d34-89fe-07da21536e33,TRUE,CES:  Gentamicina inyectable 80mg/ml - 2ml,PIH:100,
61dc5e3d-86f5-476c-9ca4-74acc5ba6e92,,CES: Gentamicina inyectable 80mg/2ml - 1 Ampula,PIH:100,
21eb8282-b159-4e3f-9e98-e0adc5b3fd75,,CES: Glibenclamida 5mg - 50 tabletas,PIH:4046,
65db1527-cc36-4284-9981-cf9ed2dd79d6,,CES: Glipizida 10mg - 20 tabletas,CIEL:77032,
05062c59-dace-4c15-8d7e-2aef0453b61d,,CES: Haloperidol 5mg - 20 tabletas,PIH:4047,
06534d95-cad8-4ac7-98e3-05b31b7c123b,,CES: Hidroclorotiazida 25mg - 20 tabletas,PIH:1243,
cb63cfa3-78f0-42c9-8b1d-dd0bb31f1a52,TRUE,CES: Hidrocortisona inyectable 50mg/ml - 2ml,CIEL:104859,
52746612-048c-40c9-a623-69d4a31ee960,,CES: Hidrocortisona inyectable 100mg/ml inyectable - 1 Ampula,CIEL:104859,
b3cb6c34-e7ce-4b90-a40d-e5bb6d19edd1,,CES: Ibuprofeno 800mg - 12 tabletas,PIH:912,
38ea52ac-6446-46b8-b6a6-5d3af14529b8,TRUE,CES: Ibuprofeno solucion pediatrica,PIH:912,
a1f3547f-63a3-4d56-8e8b-f55c333bc63a,,CES: Ibuprofeno 2g/100mg solucion pediatrica - Frasco con 120 ml,PIH:912,
32fb5c5c-b438-4980-9e1e-bb3f6835eb89,,CES: Insulina glargina - 1 pluma,CIEL:78064,
088fb5e4-26ea-4987-b5a8-d87edf6f1a17,,CES: Insulina rapida (lispro o aspart) - 1 frasco de 10 ml,CIEL:78064,
1f0b75ea-5693-44ee-9360-a65c9653b20d,TRUE,CES: Ipratropio 20mcg - aerosol,CIEL:78200,
bd137868-8eb6-4e29-b113-96beb9e43cb1,,CES: Ipratropio 20mcg aerosol - Frasco con 200 Dosis,CIEL:78200,
0e2ee1d6-ccc2-4f83-9e11-9d708c27cbaf,,CES: Dinitrato de Isosorbida 10mg - 20 tabletas,PIH:3428,
26d88b83-2d7d-4eeb-9ed7-359e2ad25348,,CES: Dinitrato de Isosorbida 5mg - 20 tabletas,PIH:3428,
1cf0c7f7-0f59-47af-9a67-97eeebcac971,TRUE,CES: Ketoconazol shampoo,PIH:926,
b153ed50-efe9-4ec3-8a60-70ec196a2832,,CES: Ketoconazol 2g/100ml shampoo - Frasco con 120 ml,PIH:926,
686efa80-82e1-4a39-93a8-3a2c5788383a,,CES: Ketorolaco 30mg - 6 tabletas sublingual,CIEL:78482,
3ef2e56c-2900-40ed-a791-0ba5da7c06ca,,CES: Lamotrigina 100mg - 28 tabletas,CIEL:78644,
ec18f4c7-db29-4ada-aa0a-52c1dd71d027,,CES: Levofloxacino 500mg - 7 tabletas,CIEL:78788,
9ebb0696-073c-47d6-835d-fc3b2a19b02a,,CES: Levonorgestrel 1.5mg - 1 tableta,PIH:1718,
85579775-c770-4a13-88be-288b5b286d52,,CES: Loratadina 10mg - 10 tabletas,CIEL:79053,
9c0ac354-f340-49b0-818c-a39aae8970db,,CES: Losartan 100mg - 15 tabletas,CIEL:79074,
6fa4c746-4c66-47ee-8602-9ac36f81d516,,CES: Meclizina/piridoxina 25mg/50mg - 20 tabletas,CIEL:165470,
c3b2fb88-48f7-4bbd-ac21-9d52daf2eadd,,CES: Metformina 850mg - 30 tabletas,CIEL:79652,
e02c1a54-a090-4440-8477-3b77cb68bb44,,CES: Metformina/glibenclamida 500mg/5mg - 60 tabletas,CIEL:159850,
8397309b-3057-4dd7-8a9d-deda31710980,,CES: Metildopa 250 mg - 30 tabletas,PIH:251,
da94df17-95fd-4693-b63e-c1d06df3adab,TRUE,CES: Metoclopramida inyectable 10mg/2ml - 2ml,CIEL:79757,
ac1c0570-5a29-4622-8eaa-bf21a1b973c5,,CES: Metoclopramida inyectable 10mg/2ml - 1 Ampula,CIEL:79757,
e597a026-d762-4450-a0eb-a8c6706895ad,,CES: Metoprolol 100 mg - 20 tabletas,CIEL:79767,
62c58b73-3be5-43ec-9b14-bf7b20d83068,,CES: Metotrexato 2.5mg - 50 tabletas,CIEL:79700,
940299b2-81fc-4025-b399-168e85c25bc1,,CES: Metronidazol 500mg - 30 tabletas,PIH:237,
63b0dbb9-957e-4c5b-aaaf-47ea163e7eb5,,CES: Metronidazol adulto 2.5g suspension - Frasco con 120 ml,PIH:237,
2199a10e-5f56-44a4-87cb-38159f268dda,,CES: Misoprostol 200 mcg - 28 tabletas,CIEL:79984,
f265f328-9fd7-43cc-9d1a-8cb884f6fe93,,CES: Montelukast 10mg - 20 tabletas,CIEL:80092,
3b83b41e-ec02-49b5-95d8-8049a74bbd4e,TRUE,CES: Naltrexone 50mg - 30 tabletas,CIEL:80375,
78f6b1c5-95c8-4e58-814a-fc5675ee240f,,CES: Nistatina suspension 100 000ui/ml - Frasco con 24 ml,PIH:919,
a8f74a64-7880-44ae-a33c-f3e9a145e8f2,TRUE,CES: Nitazoxanida 500mg - 2 tabletas,CIEL:80675,
e075fcd4-f8ee-4c65-8771-92d9b04f4761,,CES: Nitazoxanida 500mg - 7 tabletas,CIEL:80675,
8ffa6d32-3b3c-4bcd-91c5-eb4a17a247a5,,CES: Olanzapina 10mg - 14 tabletas,CIEL:81025,
7e5a3a57-1163-47d0-a5df-c4a9dbbbc2c9,,CES: Omeprazol 20mg - 7 tabletas,PIH:1244,
193f3771-048a-4670-af36-7b3f2ca33e68,,CES: Oxcarbazepina 600mg - 20 tabletas,CIEL:81294,
388bda37-075d-4811-8284-8231099ec977,,CES: Paracetamol 300mg - 12 supositorios,PIH:89,
3d8dd9d2-aad7-40d3-9287-c0911175f42b,,CES: Paracetamol 500mg - 10 tabletas,PIH:89,
b4bfacd0-be1b-4971-9948-e8fe0c5661b8,,CES: Paroxetina 20mg - 20 tabletas,CIEL:81604,
1dbb02cf-d26b-493b-9e04-967171a08778,,CES: Perindopril 4 mg - 14 tabletas,CIEL:81822,
d419cf81-0732-4404-8de6-da1de6516db4,TRUE,CES: Plantago psyllium - 400g,CIEL:82862,
d8ce1c20-301c-4290-a896-0baa520161c0,,CES: Plantago psyllium polvo 49.70g - Frasco 400g,CIEL:82862,
145434b6-d2e9-463b-b5fe-8715d8a1aa07,,CES: Propranolol 40mg - 30 tabletas,CIEL:82734,
3a57a6e0-0926-416f-a29b-40a4236feedc,,CES: Sertralina 50 mg - 14 tabletas,CIEL:83865,
82a31c5c-f7fe-49dc-8bc0-185c41d9a64a,,CES: Tamoxifeno 20 mg - 14 tabletas,PIH:7664,
ddd1e000-5fbd-4fe5-be51-df2bddef465a,,CES: Telmisartán 40mg - 14 tabletas,CIEL:84764,
0f9fe499-3cd8-4c48-ab7d-43a8fd62cc8e,,CES: Tiamazol 5mg - 20 tabletas,CIEL:79691,
eedd4433-24a6-47fd-ae54-fdac03f6e369,,CES: Topiramato 100mg - 20 tabletas,CIEL:85235,
e049d0b0-9053-44db-ab5f-ebb47696e3fe,,CES: Topiramato 25mg - 20 tabletas,CIEL:85235,
60c5a970-281c-4d53-b361-80b1fe5efbe1,,CES: Trimetroprima/sulfametoxazol 160mg/800mg - 14 tabletas,CIEL:105281,
e159f0db-4a34-4964-ae8d-4233fb56648d,,CES: Trimetroprima/sulfametoxazol 80mg/400mg - 20 tabletas,CIEL:105281,
4638b608-a7dd-4ad8-87e4-e6d7c32a6ac6,,CES: Valproato de magnesio 200mg - 40 tabletas,CIEL:79251,
cf0c064c-1b39-4914-9006-037d12684660,,CES: Venlafaxina 75mg - 20 tabletas,CIEL:86155,
5165e920-e3c4-4ec0-b4d8-795998bdfe6f,TRUE,CES: Lubriderm piel seca - crema **especial**,PIH:12210,
b718b403-c4c0-46d5-8e25-0b9f71585006,TRUE,CES: Lubriderm piel seca crema - Botella con 400 ml,PIH:12210,
ad74e603-7fe1-47ee-8fba-7497b6a7592c,,CES: Albendazol suspension 20mg/ml - 20 ml,PIH:941,
3b3b9c51-7b15-47ef-92ba-9a179c591198,,CES: Amoxicilina/acido clavulánico suspension 400mg/57mg -  frasco con polvo 5ml,PIH:450,
eb103d6f-b4aa-44d0-87f7-d2fbe06cbbf4,TRUE,CES:  Ampicilina inyectable 500mg - 1 ampolla,PIH:269,
d40df313-dee5-41a6-9bbc-8bc1332250cd,,CES: Ampicilina 1g inyectable - 1 Ampula,PIH:269,
e1803964-b584-45df-ac40-4a491dbaacdd,TRUE,CES: Metoprolol 100 mg - 50 tabletas,CIEL:79767,
06548aaf-c207-417b-9dd7-8f07402ded96,TRUE,CES: Ampicilina 500mg inyectable - 1 Ampula,PIH:269,
01bbdcea-2464-497a-ae65-0b1a5e34f2ef,,CES: Ampicilina 500mg inyectable - 1 Ampula,PIH:269,
c51b7cdb-8384-4016-bf33-dd7b471495e4,,CES: Azitromicina suspension 200mg/5ml - frasco con 30 ml,PIH:735,
ed2fe27c-a2e7-4e46-b9dd-93a4f95fd997,,CES: Bencilpenicilina benzatilica benzatinica compuesta 1200000ui inyectable - 1 Ampula,PIH:4034,
7f747fd2-95e9-479a-bfd3-9cd471a3c582,,CES: Benzonatato 100mg - 20 tabletas,CIEL:72053,
2e8babd3-cb7e-495e-8b94-652b423a64a3,,CES: Biperideno 2 mg - 30 tabletas,CIEL:72217,
ac579ba8-03bb-41a0-8c44-0dbdd5f0b04f,,CES: Calcio 600 + VitD - 60 tabletas,PIH:4063,
d8bd062e-543e-409b-8826-35dcd096a5bb,,CES: Ceftriaxona 500mg inyectable - 1 Ampula,CIEL:73087,
e1b624b4-d15a-4a5a-818a-2f65e6e5e6c4,,CES: Ceftriaxona 1g inyectable - 1 Ampula,PIH:496,
4a33b104-868b-4181-a06f-0c543e47af5f,TRUE,CES: Ciprofloxacina - crema **especial**,PIH:740,
c4daa04e-71ad-4644-a661-24ee49c486de,TRUE,CES: Clindamicina 1% Gel - Tubo con 30 g,CIEL:73546,
83d38145-9d9a-44d5-9bc0-67dfbaf0d904,,CES: Clindamicina 300mg - 16 tabletas,CIEL:73546,
c89af099-66aa-4558-bcc2-2d2051648020,,CES: Clonazepam 2mg - 30 tabletas **controlado**,CIEL:73596,
9149af62-fa46-47e9-b757-c6f65d98c068,TRUE,"CES: Cloruro de sodio 1,7g/10ml - inyectable",CIEL:80804,
f78897c7-33f6-4d99-aa32-59c9ca2d5758,TRUE,CES: Dicloxacilina suspension 50mg/ml - 60ml,PIH:922,
d8601f7a-935f-4854-bd58-080bc61f29c6,,CES: Dicloxacilina suspension 250mg/5ml -Frasco con  60ml,PIH:922,
f6d1fdf9-5a47-483b-8702-5ca9186c3540,TRUE,CES: Difenhidramina 50mg/ml - inyectable **especial**,CIEL:75015,
cd0426d4-47df-4f83-aa59-9bac10ad416e,,CES: Difenhidramina 10mg/1ml inyectable - 1 Ampula,CIEL:75015,
de51aef9-2c03-4d3a-9276-8b94c154f83b,,CES: Difenhidramina 25mg - 10 tabletas,CIEL:75015,
f80bf96f-6291-4227-949a-f8b2cc3c773a,TRUE,CES: Diu de hormona (Mirena®),CIEL:165464,
d5255868-afd5-4cc6-8be1-74c8927431e1,,CES: Doxiciclina 100mg - 10 tabletas,PIH:95,
3f87fc51-80f0-4a46-a1f2-6128885a4e8f,,CES: Enalapril 10mg - 30 tabletas,CIEL:75634,
9c03f48b-445b-4633-9747-9fd1343a766e,TRUE,CES: Eritromicina suspension 250mg/5ml - frasco con 100ml,PIH:272,
d1e93729-8240-4d40-b96e-165809309f9c,TRUE,CES: Estrogenos conjugados - crema **especial**,CIEL:75928,
52322bcf-8511-4e34-9e33-935b13b74764,,CES: Estrogenos conjugados 62.5mg crema - Tubo con 43g,CIEL:75928,
e2b2fe58-bcd9-4760-9820-10d2a230a7e9,,CES: Fenazopiridina 100mg - 20 tabletas,CIEL:81909,
9e2494e3-f5d9-409b-a2bc-a2249973a9a2,,CES: Fenitoina 100mg - 50 tabletas,CIEL:82024,
ca3938d7-d8b5-4291-aa57-ed934b6323d4,,CES: Fenobarbital 100mg - 40 tabletas **controlado**,PIH:238,
e1bddee9-3468-43a2-893a-ec1f5f5c0039,,"CES: Fitomenadiona 2mg/0,2ml inyectable - 1 Ampula",CIEL:86353,
74831778-bd7b-4789-835f-8b7020181ac8,,CES: Fluconazol 150mg - 1 tableta,PIH:747,
44a5878e-919c-4db8-8780-a7781a5fd570,,CES: Fluticasona/salmeterol 250mg/50mg aerosol - Frasco con 120 dosis,CIEL:104676,
97ccc061-d3ba-46f8-9d6d-9e56ba1238aa,,CES: Gabapentina 400 mg - 15 tabletas,CIEL:76750,
f6661447-7779-4133-a461-eeaeb3db5d3b,,CES: Haloperidol decanoate 50mg/ml - Ampula,PIH:4047,
ad274496-57ff-4238-91cc-5931db17b5b5,,CES: Haloperidol inyectable 5mg/ml **controlado**,PIH:4047,
e17dc789-61f5-40ef-8cf2-9d72917effc1,TRUE,CES: Hidrocortisona/lidocaina - Pasta,CIEL:777,
fb4f7f73-bd37-4b7f-b043-94e16b2636b2,,CES: Hidrocortisona/lidocaina Pasta - Tubo con 20 g ,CIEL:777,
d62b01af-501e-4039-9775-8a5883f42a9a,TRUE,CES: Insulina NPH - 1 pluma **especial**,CIEL:78064,
7592cc63-9461-4595-ba40-3dcb0ca4e087,,CES: Itraconazol 100mg - 15 tabletas,CIEL:78338,
575de31b-69dd-42c7-a774-3b6a1fc8b1f0,,CES: Ivermectina 6mg - 2 tabletas,CIEL:78342,
d2e489d0-5663-4c52-ab94-007da347d29c,,CES: Lactulosa suspension 10g/15ml -  Frasco con 125ml,CIEL:78632,
6b14acd5-2b9a-416a-836e-c60f80b1b36a,,CES: Levotiroxina 100mcg - 100 tabletas,CIEL:78809,
4f8ef8c8-380d-4629-9df0-ff805fd69275,TRUE,CES: Levotiroxina 125 mcg - 100 tabletas **especial**,CIEL:78809,
0bcae100-95d4-4a23-8c54-6ea1e232a830,TRUE,CES: Lorazepam 1mg - 40 tabletas **controlado**,CIEL:79054,
391ed4b5-3647-4567-a624-51dd36b81ceb,,CES: Metilfenidato 10mg - 30 tabletas **controlado**,CIEL:79739,
a13609da-4521-4ee2-864c-4742ca76e646,,CES: Metilprednisolona 500mg inyectable - 1 Ampula,CIEL:79743,
f6f5d102-5ef9-4ca4-8758-3b85412f8c08,TRUE,CES: Metoclopramida suspension 400mg - Frasco con 20 ml,CIEL:79757,
fbd84189-6b59-41d1-a3bd-f272dc4c6901,,CES: Metronidazol adulto 5g suspension - Frasco con  120 ml,PIH:237,
0f7272a2-fce5-4a93-a1e9-5e540adcd511,TRUE,CES: Metronidazol - crema,PIH:237,
9b003aa3-6f62-4efa-8f36-5786df1de084,TRUE,CES: Mupirocina 2% - crema,CIEL:80194,
a0b344c4-b978-43a4-8ae3-719c81c74f51,TRUE,CES: Mupirocina 2% crema -Tubo con 15 g,CIEL:80194,
38dd6dd9-3b92-4e16-98cf-1bf14415f28e,,CES: Nifedipino LP 30mg - 30 tabletas,PIH:250,
97474334-3329-4c81-af60-3a0fb2b4477c,,CES: Nistatina 100 000 UI - 12 Tabletas Vaginales,PIH:919,
cde4ade7-18b9-4f06-85e9-46caadfb36e1,,CES: Nitrofurantoina 100mg - 40 tabletas,CIEL:80696,
ce318d52-173f-4897-9101-d6e8ccd1b6ff,,CES: Prednisona 50mg - 20 tabletas,CIEL:82453,
24551f40-b6e6-4b50-8af6-73db844215bc,,CES: Prednisona 5mg - 20 tabletas,CIEL:82453,
18615cb5-4c58-4ac8-a035-7afa3dbb3c55,,CES: Quetiapina 100mg - 100 tabletas,CIEL:82990,
9a5f8ca6-bf07-47de-8e44-12791eb17281,,CES: Quetiapina 300mg - 60 tabletas,CIEL:82990,
944d4e6a-f8fa-41e6-afb8-f582e31e4208,TRUE,CES: Risperidona 1mg - 20 tabletas,CIEL:83405,
7f2b8048-e4de-4f1b-9148-10903f1b79f5,,CES: Risperidona 2mg - 40 tabletas,CIEL:83405,
f5d78b3f-0936-4ec4-8750-801fe5b074b2,TRUE,CES: Senosidos AB 8.6mg - 60 tabletas,CIEL:83809,
2d7eb070-2a01-4cf6-8650-fb80a9b31083,,CES: Senosidos AB 8.6mg - 20 tabletas,CIEL:83809,
88bf2fa8-fc2c-4640-805c-93b087658aef,TRUE,CES: Tacrolimus 1% - crema **especial**,CIEL:84646,
2139e2df-034a-400e-8216-0286689808cd,TRUE,CES: Tacrolimus 0.1% crema - Tubo con 10 g,CIEL:84646,
4e3454aa-3861-4653-83cd-b1f9ba0b0ddd,,CES: Tamsulosina 0.4mg - 20 tabletas,CIEL:84670,
bc4009f5-c22a-404a-a62a-93249d27a558,,CES: Terazosina 2mg - 20 tabletas,CIEL:84823,
e2ab1d6c-fe74-4d73-bf0f-80f01db5f864,,CES: Trimetroprima/sulfametoxazol suspension 80mg/400mg - Frasco con  100ml,CIEL:105281,
ccb44391-7a7e-4057-9981-5cdd6b3a83f1,,CES: Melatonina 3mg - 60 tabletas,CIEL:79527,
2a84795f-e57e-4190-9d67-b5a52fe06ca6,TRUE,CES: Terbinafina 250 mg - 7 tabletas **especial**,CIEL:84825,
2d918c73-aa4b-4e48-b32b-2e39dfdc250f,,CES: Alquitran de hulla 5 g  Shampoo - Frasco con 150 mL,CIEL:73636,
9dfc9521-15df-45f5-9d92-ddb23c293a82,TRUE,CES: Acido acetilsalicilico 500mg - 20 tabletas,PIH:88,
b723e2f3-50f2-45c2-8063-933eee7ba38a,,CES: Acido de fluocinolona 0.01g/100g  Crema - Tubo con 40g,CIEL:73636,
7a30214f-a32a-4b60-8116-a53f9ba13d09,,CES: Acido folico 0.4mg - 90 tabletas,CIEL:76613,
c9674108-4ee4-43fc-a39a-186191aa9be8,,CES: Acido micofenolico 500mg - 50 tabletas,CIEL:80236,
44efc0de-dd76-4be4-9823-e154ac9c14a9,,CES: Acido retinoico 0.05g Crema - Tubo con 30 g,CIEL:85330,
85a495ee-6892-463f-a184-202a3bbf2901,TRUE,CES: Alcaftadina 2.5mg/ml - oftalmico **especial**,PIH:12252,
261b326f-8f8e-4b9e-8b94-38638cde6c3e,TRUE,CES: Alcohol polivinilico 14.0 mg/mL Oftamico - Frasco con 10 mL,CIEL:82315,
5b429d13-1296-40e6-a309-09387935eb0d,,CES: Algestona/estradiol 150mg/10mg  Inyectable - 1 Ampula,CIEL:165467,
95cbd3ac-ee74-41f4-b9f0-6c89b2188d72,,CES: Amitriptilina 50 mg - 20 tabletas **controlado**,CIEL:931,
69c9cbb3-824b-4ac1-a889-959c0463dc2e,,CES: Amlodipino 5mg - 100 tabletas,CIEL:71138,
4f4f19e3-83fa-4ff5-8891-9fb15c738bba,,CES: Atorvastatina 40 mg - 20 tabletas,CIEL:71665,
09858b4a-1719-4a95-888d-02295a15f0f8,TRUE,CES: Atropina 1%  inyectable - 1 Ampula,CIEL:71681,
b1f42ea4-e7af-4382-a115-33cb302e8a5a,TRUE,CES: Atropina 1%  inyectable - 1 Ampula,CIEL:71681,
40dd8750-6a6d-4666-9998-0ebe05591910,TRUE,CES: Atropina 1% - oftalmico **especial**,CIEL:71681,
71d493f7-dada-4cc1-be74-3561adba7a7f,,CES: Azatioprina 50mg - 20 tabletas,CIEL:71767,
dd6ba461-da2a-4cc5-ba6e-55a8887347f0,,CES: Bencilpenicilina procainica y cristalina 400 000 ui inyectable - 1 Ampula,PIH:4034,
0ac72ad8-8d06-4211-b4bb-2a0d85dbe50a,,CES: Betametasona 4mg/ml inyectable - 1 Ampula,CIEL:72120,
f5c2c731-42c0-4110-b61c-19894be56fff,,CES: Bicatulamida 50mg - 14 tabletas,CIEL:72164,
813314b9-40f3-4146-8f83-348cf7a502f5,TRUE,CES: Biperideno 1 mg - 30 tabletas **especial**,CIEL:72217,
b1c8c2a4-a3e9-40c9-9e44-7984e191ad08,,CES: Bisoprolol 2.5mg - 30 tabletas,CIEL:72247,
7f4f64cb-4686-4e02-9822-6e77ee8c213f,,CES: Bromocriptina 2.5mg - 30 tabletas,CIEL:72411,
6986355a-1bf1-4256-a5cd-df0264c4f1da,,CES: Butilhiocina 20mg/ml inyectable - 1 Ampula,CIEL:431,
9993fd0b-82e4-4408-bc05-75dcf6cee0f5,,CES: Carbamazepina 20mg/ml suspension - Frasco con 100 ml,PIH:920,
e291776c-a947-4b08-bd2b-4e11d661e597,TRUE,CES: Carbetocina 100mcg - inyectable,PIH:12253,
91db1c1d-141a-4a8c-b6ce-bfd1e0d0abde,,CES: Carbidopa/levodopa 25/250mg - 100 tabletas,PIH:4049,
03c380d8-0808-40cb-b6bf-46248539f5cc,,CES: Celecoxib 200mg - 20 tabletas,CIEL:73048,
c14f51e3-927b-47c5-85be-3cce3491cc69,,CES: Ciclosporina 10g/100ml - crema,CIEL:74125,
4792d282-da8e-4a16-88e9-c672eeba0668,TRUE,CES: Ciprofloxacina 3mg - otico,PIH:740,
ece1622d-2d09-489e-8d00-80d3b80339a3,,CES: Ciprofloxacina/hidro/lidoc 2mg/10mg/50mg/ml otico - Frasco con 10 ml,PIH:740,
19f759aa-cbdb-4a21-8f3e-1c27d6dc7e61,,CES: Ciprofloxacina 3mg Oftalmico - Frasco con 15 ml,PIH:740,
82681d39-fadb-4ca0-9f44-557fd3568f66,TRUE,CES: Ciprofloxacino/dexametasona 3ml/1ml - oftalmico,CIEL:104317,
1d5e3e80-b030-401b-a206-3c5beb400199,TRUE,CES: Citrato de potacio + citrato acido [uroclasio] - solucion **especial**,PIH:12254,
8c30ebc0-1934-4b0d-85eb-817a6bd0588e,,CES: Citrato de Potasio / Acido Citrico 30g /5g Frasco con 150 ml,PIH:12254,
d363f918-aa0d-4e37-a32b-9c878700ca3d,,CES: Clopidogrel 75mg - 28 tabletas,CIEL:73602,
c5d3e7ea-02e5-4547-84c6-225dcf142d4d,,CES: Cloranfenicol 5mg/ml Olftalmico - Frasco con 15 ml,PIH:266,
95e9f406-53b8-457b-bc6d-1954d7be8932,,CES: Clorfenamina 4mg - 20 tabletas,CIEL:913,
2b87e678-88b8-4616-80ba-8c17f0deedfb,,CES: Clorfenamina suspension 0.5mg/ml - Frasco con 120ml,CIEL:913,
95fa9328-276f-4eac-890e-6f74f62f0352,,CES: Clotrimazol 200mg - Caja con 3 ovulos,PIH:960,
f1c9b92d-ac8e-4e94-8679-aaf7e5d84416,,CES: Complejo b - 30 tabletas,CIEL:78230,
872599b2-1e40-4d5a-9048-8d75610e7965,TRUE,CES: Cromoglicato oftalmico 20mg/ml - 2ml,CIEL:74044,
166bc232-43df-4ac5-9669-0a67e938e577,,CES: Cromoglicato oftalmico 40mg/ml Oftalmico - Frasco con 5 ml,CIEL:74044,
7316f029-6739-4fad-a90f-c96445a6165b,,CES: Danazol 100mg - 60 tabletas **especial**,CIEL:74233,
906377dd-2fcf-450f-8c10-97fbe26670e3,,CES: Dexametasona 4mg/ml inyectable - 1 Ampula,CIEL:104425,
2f657b3b-090a-4948-b3d8-c1b545256ebc,,CES: Diazepam 10mg - 20 tabletas **controlado**,PIH:247,
59767573-f056-4d9a-ba37-069f7e0c2bd0,TRUE,CES: Diazepam 10mg inyectable - 2ml **controlado**,PIH:247,
1dddcf25-e8ad-40c7-8ff0-917a62fbf50b,TRUE,CES: Diazepam 10mg inyectable - 1 Ampula**controlado**,PIH:247,
9b1e46b7-fb29-49f5-8a38-2ef3d1889230,TRUE,CES: Diclofenaco 1.16% - gel,CIEL:74782,
dae049eb-31d5-44a4-8364-56453a0ffab9,,CES: Diclofenaco 1.16% gel - Tubo con 60 g,CIEL:74782,
9fb88cb6-431a-431c-953a-a0cec2fe3329,,CES: Diclofenaco 75mg inyectable - 1 Ampula,CIEL:74782,
54552242-459f-4dbc-8c23-67858b58b8d1,,CES: Dicloxacilina 500mg - 12 tabletas,PIH:922,
f56e0497-5a60-4b28-8bdd-cf30ef6606d2,TRUE,CES: Difenhidramina suspension 250mg/100ml,CIEL:75015,
2c7e18ab-771e-42a8-81dc-1d06e9ef376a,,CES: Difenhidramina suspension 250mg/100ml - Frasco con 120 ml,CIEL:75015,
ee2a98e9-c930-4763-821a-211bf1e9b801,,CES: Dorzolamida/timolol 20mg/5mg oftalmico - Frasco con 5 ml,CIEL:104546,
6b80e074-d458-4a20-93ee-81d8e13e937e,TRUE,CES: Fenitoina 0.750g/100ml suspension,CIEL:82024,
b1082006-886e-4639-b30a-cb7e6d5e45b4,,CES: Fluticasona 50mcg aerosol - Frasco con 120 Dosis,CIEL:76586,
687a836f-5f9f-43db-abfe-a2063bbb1451,TRUE,CES: Gluconato de calcio inyectable 10% - 1 ampolla,PIH:4035,
9620e224-444e-4caa-83b9-9e40905fdd7d,,CES: Gluconato de calcio inyectable 10% - 1 Ampula,PIH:4035,
d6825e0f-dfd7-41dd-a324-c1a676fccc97,TRUE,CES: Gynko biloba - 60 tabletas **especial**,CIEL:77009,
4f9c6c3c-a0e0-4903-95e5-ac97fb9db0d6,,CES: Hidralazina 20mg/ml inyectable - 1 Ampula,CIEL:77675,
68683df4-3e94-4cfb-9e06-7f9610d47b9c,TRUE,CES: Hidroxicarbamida 500 mg - 100 tabletas **especial**,CIEL:77795,
62e1a573-0bae-42d3-b9b6-bcecaa62b215,,CES: Hidroxicloroquina 200mg - 20 tabletas,CIEL:77784,
689d406c-da9d-494c-bdf6-9fee08f2794c,,CES: Hidroxizina 10mg - 30 tabletas,CIEL:77796,
9214eba9-c186-403f-b9bd-9a13c34fd854,,CES: Implante anticonceptivo (Implanon®),CIEL:1873,
bd1d4edd-0adf-4e2c-ba94-a511a73a414a,,CES: Etonogestrel 68mg implante subdermico (Implanon®) - 1 implante,CIEL:76022,
b471a2be-416a-4eda-92bc-86e25a9cdc71,TRUE,"CES: Metilprednisolona 500mg - inyectable **especial**","CIEL:79743",
4796877f-fa8a-4bcc-ab34-47e148ba8ea5,TRUE,CES: Ketoconazol 2% - crema,PIH:926,
4886d593-b00c-4807-917c-8cabcd15aa0c,,CES: Ketoconazol 2g crema - Tubo de 30g,PIH:926,
a4ff1623-f3cc-4a98-9936-78943cb5d8a1,,CES: Ketorolaco 30mg/ml inyectable - 1 Ampula,CIEL:78482,
40240eab-0e44-4bd3-82ce-1c3a591e20cc,,CES: Lacosamida 100mg - 28 tabletas,CIEL:160268,
163a8b2b-3d94-4fdd-8832-0ceb283cfdf2,,CES: Latanoprost 0.05mg/ml oftalmico - Frasco con 3 ml,CIEL:78677,
fcf08dd0-4c98-4917-ab82-44949f2554c9,,CES: Levetiracetam 10g/100ml - Frasco con 150ml,CIEL:78770,
b95c8022-17f7-4e74-b8c1-2be5fbc2c2a4,,CES: Levetiracetam 500mg - 60 tabletas,CIEL:78770,
57e97820-286b-4d32-bed8-835cb9e535df,,CES: Loperamida 2mg - 12 tabletas,PIH:429,
82e2b78d-4418-4a13-be61-f3152276cd74,,CES: Medroxyprogesterona 150mg inyectable - 1 Ampula,CIEL:82624,
3959496b-5cc9-4731-8584-c7b342ab6664,TRUE,CES: Mesalazina 1200mg - 16 tabletas **especial**,CIEL:79616,
ed9504b9-2962-463c-91a1-36f2153e0102,TRUE,CES: Mesalazina 250 mg - 12 supositorios **especial**,CIEL:79616,
1d7d3bf7-f866-47c4-be93-680b164c8796,TRUE,CES: Mesalazina 500mg - 10 supositorios **especial**,CIEL:79616,
4cb9effe-c20d-4769-bfd7-cb7557205426,,CES: Metamizol 500mg - 10 tabletas,CIEL:73008,
1baae537-ccb0-4d0c-887c-8bf52d7da47e,,CES: Metamizol 1g inyectable - 1 Ampula,CIEL:73008,
f1d6b537-50e6-44cc-8904-9976a32a94a5,,CES: Metoclopramida 10mg - 20 tabletas,CIEL:79757,
b2bc42d9-be29-45ec-9c81-87a3e3f02499,TRUE,CES: Mometasona 50mcg - aerosol,CIEL:80049,
58146ec4-87a1-4905-95e6-22dcfc65343d,,CES: Mometasona 50mcg aerosol - Frascos con 140 Dosis,CIEL:80049,
9cd63e08-ffb8-411a-8949-fb45ae6a0bbf,,CES: Montelukast 4mg - 10 tabletas masticables,CIEL:80092,
8c1cbe7d-7e80-49e6-9868-5620f6e8d46c,,CES: Nebivolol 5mg - 28 tabletas,CIEL:80470,
6cc4b6f7-48b1-4bc8-9a48-fdac52a4ece6,,CES: Neomicina/lidocaína otica 2g/0.350g - Frasco con 20 ml,CIEL:80514,
2b4de29f-f9d9-4b23-8d4a-8737ff04cdd7,,CES: Nifedipino 10 mg - 20 tabletas,PIH:250,
d9d3fe99-8b1f-4c66-bb9c-488711d12ffb,TRUE,CES: Nitazoxanida 100mg/5ml - suspension,CIEL:80675,
2364b6f0-4b2b-4973-8661-f53e9fdd8e95,,CES: Nitazoxanida 100mg/5ml suspension - Frasco con 30 ml,CIEL:80675,
1691cb8a-5936-46a9-9bd3-4ed3b008d5b6,,CES: Ondansetron 8mg - tabletas,CIEL:81073,
979dff90-ae42-492e-a05c-f9191916b341,TRUE,CES: Óxido de zinc 25g/100g - crema,PIH:4064,
57c66f88-83da-4763-8aca-d1100356623b,TRUE,CES: Oxido de zinc 25g/100g crema - Tarro con 30g,PIH:4064,
380ee662-6acc-477a-a72b-123076fc136e,,CES: Oxitocina 5 UI inyectable - 1 Ampula,CIEL:81369,
3445890f-8c44-4190-8a19-8e4222ce3793,TRUE,CES: Paracetamol 3.2g/100ml - suspension,PIH:89,
2605ac50-9925-4a5d-91e4-b88f5894b2d2,,CES: Paracetamol 3.2g/100ml suspension - Frasco con 120 ml,PIH:89,
29ff56b4-1ba4-4569-83c2-3afec35d9ac8,TRUE,CES: Paracetamol 100mg/ml - gotas,PIH:89,
afe50057-eaf8-4406-b07c-76db29dbe756,,CES: Paracetamol 100mg/ml gotas - Frasco  con 30 ml,PIH:89,
c57e6e23-f754-42f6-8508-66a7fba77d88,,CES: Paracetamol/cafeina 500mg/50mg - 20 tabletas,PIH:89,
b6a9efb9-31f2-48ed-b612-93c24c2b6653,,CES: Paracetamol/fenilefrina/clorfenamina 325mg/5mg/2mg - 24 tabletas,CIEL:913,
286e8dea-8648-48c4-b0fd-0eef50b0fe18,,CES: Paracetamol/metocarbamol 350mg/400mg - 30 tabletas,PIH:89,
827a6eb0-5617-4cce-bfa6-13f9400e7cec,,CES: Pentoxifillina 400 mg - 30 tabletas,CIEL:81765,
8fb11058-716e-4fc0-82ff-01e749769abd,TRUE,CES: Permetrina 1 % - solucion,CIEL:81834,
5d76cc70-72ca-49d5-99b7-11c92a50b920,,CES: Permetrina 5.00g / 100ml Emulsion - Frasco con 120 ml,CIEL:81834,
8c7f7b2b-eda5-4628-8ca0-1cc4dd06fdde,TRUE,CES: Pravastatina 10 mg - 30 tabletas,CIEL:82411,
29fd9571-9bd9-4d07-a7a0-09cd87affa39,TRUE,CES: Prednisolona 1mg/ml - suspension **especial**,PIH:765,
4200c488-5fac-4a2d-be02-8aa622a6b34c,,CES: Prednisolona 1mg/1ml -Frasco con 100ml,PIH:765,
884fdcb4-f15f-40e0-aa76-60c1c82f7c02,TRUE,CES: Propafenona - 30 tabletas **especial**,CIEL:82696,
b81805ed-9da2-4521-bb7b-787506690482,TRUE,CES: Psoriaderm - crema **especial**,CIEL:165472,
76c70f76-7683-4b13-8d9f-f04a5c329245,,CES: Psoriaderm crema - Frasco con 150 ml,CIEL:165472,
f1dd1dac-92b5-41a3-9066-358dbec2b397,TRUE,CES: Rifaximina 200mg - 28 tabletas **especial**,CIEL:83362,
6cf9c3be-ffbf-4c46-be0d-41705c83dcc7,,CES: Salbutamol 100mcg aerosol - Frasco con 200 Dosis,PIH:798,
d3b01970-d124-4b7d-83e3-b07ab8947486,,CES: Salbutamol/ipratropio solucion para nebulizacion - 1 Ampula,PIH:12257,
9fa9d711-6077-461d-8a92-7d52f43b8f2f,,CES: Sildenafil 50mg - 10 tabletas **especial**,CIEL:83902,
58fcbad0-e331-4cde-ac23-0f8a3bc73a68,TRUE,CES: Simvastatina 10 mg - 20 tabletas,CIEL:83936,
0fbe3316-5219-4bea-8a10-5c2fce3b8b53,,CES: Sulfadiazina de plata 1% crema - Tubo con 28 g,PIH:938,
db1ac6c1-0ec6-4262-aeaf-8ec6c1871e45,TRUE,CES: Sulfato de magnesio 10% inyectable - 1 Ampula,CIEL:79247,
2b5b8c6e-5c88-46b1-b858-0b201ff2ff78,TRUE,CES: Sulfazalacina 500mg - 60 tabletas **especial**,CIEL:84480,
5bdb27d1-b7bb-47b0-a68b-ef0aff7ed740,,CES: Sumatriptan 100 mg - 5 tabletas,CIEL:84522,
3148692e-7516-49ef-b348-6081f17a49a4,,CES: Telmisartán/hidroclorotiazida 80mg/12.5mg - 28 tabletas,CIEL:104843,
4d009d36-b1b8-44af-875b-aff3fab25da9,TRUE,CES: Tetraciclina 500 mg - 20 tabletas,CIEL:84893,
8fe01874-8a7f-457d-9505-3a5fdd7cefcb,TRUE,CES: Timolol/brimonidina/dorzolamida - oftalmico **especial**,CIEL:104546,
87324367-e56d-4e03-a318-7a597ca41004,,CES: Timolol/brimonidina/dorzolamida  20mg/ 5m/ 1m oftalmico - Frasco con 5 ml,CIEL:104546,
efdf1e41-03bf-4a7e-b22b-a5dd4c248b7c,TRUE,CES: Tobramicina 3mg/ml - oftalmico,CIEL:85185,
cf1a1416-f78b-4c2b-b9e0-70402fd9dbba,TRUE,CES: Tobramicina 0.3% oftalmico - Frasco con 5 ml,CIEL:85185,
43c49c7c-3e7e-41ff-8793-5f2acf3fd5bf,TRUE,CES: Tramadol 50mg/ml - inyectable,CIEL:85276,
da5f3876-0199-4ff9-b612-37bd72bca896,,CES: Tramadol 100mg/ml inyectable - 1 Ampula,CIEL:85276,
91d36d90-be12-4ec8-9463-82e4782aec38,,CES: Valproato de magnesio suspension 200mg/ml - Frasco con 40ml,CIEL:79251,
1d7227f2-1cd5-43a6-9c22-7c121206f327,TRUE,CES: Vaselina,CIEL:81861,
eaffe142-7375-4b76-a5f4-0c4f7f4561d7,,CES: Vaselina - Tarro con 50 g,CIEL:81861,
fc738280-504b-4a0d-8259-7454a6162db9,,CES: Vitaminas angels - 180 tabletas,PIH:461,
c2aa4718-d1ef-4cfe-a42f-58b44651c468,TRUE,CES: Zinc 0.38 g - 30 tabletas,PIH:4064,
4f3643c9-d5f9-4508-ae74-5fb8f2c97b06,TRUE,"CES: Aluminio, magnesio y dimeticona suspension - 320 ml",CIEL:70995,
f1cd1ab1-cf12-4d21-8200-5d37da34279d,,"CES: Hidróxido de aluminio 3.7 g, Hidróxido de magnesio 4.0 g, Dimeticona 0.5 g  Suspensión - Frasco con 320 ml",CIEL:103526,
86c0aadc-257f-47b0-8caa-a1e7618d027a,TRUE,CES: Atenolol/clortalidona 50/12.5mg - 28 tabletas,PIH:3186,
819e91c3-5ecf-4381-8cf8-6ab195e853e4,,CES: Gabapentina 300 mg - 15 tabletas,CIEL:76750,
af58f7fe-6fc6-4703-a588-fa2558abc1d0,TRUE,CES: Kit para bebe (ropa),CIEL:165474,
f6214593-de01-4901-b697-f5afcd6c6b1f,,CES: Oxcarbazepina 60mg/ 1ml - Frasco con 100ml,CIEL:81294,
b1d19f31-f38e-493b-bd6d-64c8bcf001e3,TRUE,CES: Tobradex (tobramicina/dexametasona Uguento) **especial**,PIH:12258,
98d220d2-e700-4fa3-bb7b-412c6ac40167,,CES: Diosmina 600mg - 26 tabletas,CIEL:74995,
6af827a7-09ad-4e21-a7d8-c450f5e0b1ce,TRUE,CES: Dimeticona 100mg/ml - suspension,CIEL:74962,
66a3bfe8-bfa7-40b9-8c64-60f0cf4ad572,,CES: Dimeticona 100mg/ml suspension - Frasco con 30 ml,CIEL:74962,
918e19c2-d0b4-473a-8018-bbbc00bb3b81,TRUE,CES: Fludrocortisona 0.1mg - 15 tabletas **especial**,CIEL:76493,
726ce034-c5c6-4f35-8baa-9c12b64c45a1,TRUE,CES: Fluorometolona - oftalmico **especial**,CIEL:76545,
b4cc15d3-958a-493e-a6e5-2c4ea2be4f06,TRUE,CES: Fluorometolona 1mg/ml oftalmico - Frasco con 5 ml **especial**,CIEL:76545,
a518ee19-aa56-4aa6-9edc-8e7f7ee5933b,,CES: Furosemida 20mg inyectable - 1 Ampula,PIH:99,
9d3cd266-d39c-41b6-89f5-dda43b702de0,TRUE,CES: Hidrocortisona/lidocaina - 6 supositorios,CIEL:777,
f2aea60d-8242-4830-a963-56aedf977454,,CES: Lidocaina/Hidrocortisona 60.0mg/5.0mg - 6 supositorios,CIEL:777,
420ee8cc-e0b1-47e4-a54d-0210c465e6b3,,CES: Hipromelosa 5mg/15ml oftalmico - Frasco con 10 ml,CIEL:77850,
f965bd67-d175-4f60-86d5-f18405145340,,CES: Ketorolaco 10mg - 10 tabletas,CIEL:78482,
dea66280-db20-441d-9094-a8a6d9c659f1,TRUE,"CES: Ketotifeno 0.05% oftalmico - Frasco con 5 ml **especial**",CIEL:78485,
4b417407-722c-4a2b-8464-e8de5a529c2c,TRUE,CES: Leche infantil Etapa 1 - 1000mg,CIEL:5254,
551429d4-aeae-40f5-901c-69316060a110,TRUE,CES: Leche infantil Etapa 2 - 1000mg,CIEL:5254,
fdd31410-c6bc-42a2-9c15-e3acf11b78c6,TRUE,CES: Leche infantil Etapa 2 sin lactosa,CIEL:5254,
0f102649-b468-4c6d-b1f9-f2280199d74e,TRUE,CES: Leche infantil Etapa 3 -1kg,CIEL:5254,
14459362-b6e9-4751-b75a-7229491ec133,TRUE,CES: Leche infantil prematuros,CIEL:5254,
202dd1ad-8bd2-4aaf-b132-69479b2a28aa,TRUE,CES: Leche infantil prematuros (preNAN) - 400g,CIEL:5254,
a6112eb3-084a-441d-b37e-75f3316fe3ea,TRUE,CES: Legalon® 70 mg - 15 tabletas **especial**,CIEL:83922,
d4e23f35-1d40-435c-8bb4-abcf110a1e36,,CES: Silybum Marianum 70 mg (Legalon®) - 20 tabletas **especial**,CIEL:83922,
3749620e-a336-4948-ae43-274f8fb5b1f3,TRUE,CES: Levetiracetam 500mg - 60 tabletas LPSYRID **especial**,CIEL:78770,
e24bfc91-043e-4bc7-81df-64af00ee8193,,CES: Levonorgestrel/etinilestradiol 0.15mg/0.03mg - 21 tabletas,CIEL:162296,
e9aa587a-8bde-4e3a-ac84-526574f94c09,TRUE,CES: Lidocaina 10% - spray,CIEL:78849,
acbc1a30-954d-4304-ae87-b9dc920576b9,,CES: Lidocaina 10% spray - Frasco con 115 ml,CIEL:78849,
fc267fb9-6f46-4937-92f9-ab0f25114c94,,CES: Loratadina 100mg/100ml jarabe - Frasco con 60 ml,CIEL:79053,
8fc85e00-7af8-432f-a17e-156780d3d433,TRUE,"CES: Loteprednol 0,5% oftalmico - Frasco con 5ml **especial**",CIEL:79082,
4faca63b-ab9b-45b0-898e-48f13b06aa3d,TRUE,CES: Mesalazina 500mg - 40 tabletas **especial**,CIEL:73008,
64c2da40-ce90-4574-aab4-dfd1d189e797,,CES: Noretisterona 200mg inyectable - 1 Ampula,CIEL:165449,
132164d3-8c02-478f-a7e0-2c6776d754cf,,CES: Omeprazol 40mg inyectable - 1 Ampula,PIH:1244,
fd0a8f5a-6d72-42d2-a7af-611f10a67ef9,TRUE,CES: Oximetazolina + hialuronidato - oftalmico **especial**,CIEL:81345,
10e05408-eeb9-4a59-8abe-f7a0c349244f,,CES: Paracetamol 1g inyectable - 1 Ampula,PIH:89,
5da9f760-6905-4239-8ed3-1e1834ad71ed,TRUE,CES: Paracetamol/fenil/clorf/guai - suspension,CIEL:913,
e0c26c08-552e-439b-bac9-ae41039290e3,,CES: Paracetamol/fenil/clorf/guai suspension - Frasco con 120ml,CIEL:913,
663e4c2f-5ca5-4f10-9a5f-68479907c446,TRUE,CES: Permetrina 5 % - shampoo,CIEL:81834,
f677d39a-ad71-49e3-a210-1bc1716d3420,,CES: Permetrina  1.0g/100ml shampoo - Frasco con 110 ml,CIEL:81834,
db239d84-9598-46d8-81ea-029c7d8c3f55,TRUE,CES: Risperidona 1mg/ml - suspension **especial**,CIEL:83405,
287a0e8a-3b7c-4cdd-97c1-071f646158c4,TRUE,CES: Risperidona 1mg/ml suspension - Frasco con 60 ml **especial**,CIEL:83405,
41017d1b-b745-4c49-87bd-c1cffe7c1860,,CES: Sucralfato 1g - 40 tabletas **especial**,CIEL:84394,
91b1069e-7a32-4f3b-92ba-b48e9dba4141,,CES: Tizanidina 4 mg - 20 tabletas,CIEL:85178,
21ad981e-14ae-477f-b901-072c0b2a7695,,CES: Tramadol/paracetamol - 15 tabletas,CIEL:103303,
906fcdec-f518-47ec-b170-b6723b1c2e69,TRUE,CES: Verapamilo 120 mg - 20 tabletas,CIEL:86177,
82e5be36-b762-4a3e-bbf8-258651cdfbfa,TRUE,CES: Vigabatrina 500mg - 60 tabletas **especial**,CIEL:86254,
550ac945-e65c-4699-b57e-336a80e539b2,TRUE,CES: Vitamina E 400 mg - 30 tabletas **especial**,CIEL:86347,
b946632b-ed5a-4f0e-b40e-ed8eb0d02322,,CES: Aripiprazol 10mg - 10 tabletas,CIEL:71533,
53d22a92-96fb-4ada-9bd7-8a3a4f0b77c3,TRUE,CES: Deflazacort 6 mg - 20 tabletas,CIEL:74375,
d6a019df-2e20-4115-a1a9-392b7bf53389,TRUE,CES: Dextrometorfano suspension 300mg/100ml - 125 ml,CIEL:74666,
83681331-e5ec-47b3-a8ad-5a33d973d558,,CES: Dextrometorfano suspension 15mg/5ml - Frasco con 120 ml,CIEL:74666,
bf530467-3c3a-45a9-8246-e2282d91d6c0,,CES: Magaldrato/dimeticona 8g/1g - 10 sobres **especial**,PIH:Magaldrate and Dimethicone,
2d8e80b7-745a-435b-853a-eaca072cc1e9,,CES: Rivaroxaban 20 mg - 14 tabletas **especial**,PIH:Rivaroxaban,
17d25320-f7f1-45c0-b60a-1a1167e069ae,TRUE,CES: Talidomina 100 mg - 50 tabletas **especial**,PIH:Thalidomide,
1d784cec-9d9f-466b-871a-f9c9de9af414,,CES: Toallas femininas - 1 caja,PIH:Disposable menstrual products,
3295ac9c-d0ce-48a7-a3e0-b9dbb23b0b39,TRUE,CES: Formula magistral urea/acido acetil salicilico **especial*,PIH:Generic skin cream,
ee1ccd3a-da4a-4d9e-9ae0-8b70e2c7aef5,,CES: Bromuro de Pinaverio/Dimeticona 100mg/300mg - 20 tabletas,PIH:Pinaverium bromide and dimethicone,
9b2b521b-f4d2-4d31-897b-b2a6fa4cc3ca,,SSA: Aceite lubricante para pieza de mano de baja velocidad - envase c/240 ml.,CIEL:162138,
b4b10858-09c6-4c44-a378-0c64213a5c0d,,SSA: Aceite mineral para uso externo - frasco con 250 ml,CIEL:79912,
8b821cbf-17b0-47f0-990e-71ea443c1d68,,"SSA: Acenocumarol de 4 mg, tableta, envase con 20 tabletas. - 20 tabletas",CIEL:70105,
d2ab0ebe-142d-4432-a2cb-b9aa5588369b,,"SSA: Acenocumarol de 4 mg, tableta, envase con 30 tabletas. - 30 tabletas",CIEL:70105,
ae4ecf6b-b6a1-4f2d-bcff-ebe65678e93d,,"SSA: Ácido acetilsalicílico de 300 mg, tableta soluble o efervescente, envase con 20 tabletas solubles o efervescentes. - 20 tabletas solubles o efervescentes",PIH:88,
63a1bdb3-73f1-40d6-aac9-2670537bd405,,"SSA: Ácido acetilsalicílico de 500 mg, tableta, envase con 20 tabletas. - 20 tabletas",PIH:88,
afdde028-2e30-40f3-b268-7670c486517e,,"SSA: Ácido ascórbico de 100 mg, tableta, envase con 20 tabletas. - 20 tabletas",PIH:4041,
252e225c-4d82-4fa2-b027-0f8e0007e475,,"SSA: Ácido fólico de 0.4 mg, tableta, envase con 90 tabletas. - 90 tabletas",CIEL:76613,
329a9a8f-3c49-4280-bc45-8bc634ac8860,,"SSA: Ácido fólico de 4 mg, tableta, envase con 90 tabletas. - 90 tabletas",CIEL:76613,
e7d1cff6-ab9f-4ada-95ee-4010f5acef4d,,"SSA: Ácido fólico de 5 mg, tableta, envase con 20 tabletas. - 20 tabletas",CIEL:76613,
c7ba2c47-9504-4c60-b883-036cc9b69290,,"SSA: Ácido fólico de 5 mg, tableta, envase con 92 tabletas. - 92 tabletas",CIEL:76613,
77aaa9b6-312a-4fbd-aa71-d6f9b2c9ecd7,,"SSA: Ácido valproico de 250 mg, cápsula, envase con 60 cápsulas. - 60 cápsulas",CIEL:86052,
e9200048-7c3d-4269-9b02-385745e0a236,,SSA: Alantoína alquitrán de hulla y clioquinol crema 0.2 g/100 g/ 5 g/100 g y 3 g/100 g - envase con 60 g.,CIEL:103349,
bdfef4b2-6df5-44e2-8b6b-cbbc6257215e,,"SSA: Alantoína y alquitrán de hulla de 20.0 mg / 9.4 mg / ml, suspensión dérmica, envase con 120 ml. - envase con 120 ml",CIEL:103349,
20613e3c-9d42-46d2-ac5e-bdfd2689702a,,"SSA: Albendazol de 200 mg, tableta, envase con 100 tabletas. - 100 tabletas",PIH:941,
852e340a-b989-48b3-9511-a6904747c2c8,,"SSA: Albendazol de 200 mg, tableta, envase con 2 tabletas. - 2 tabletas",PIH:941,
3590be5f-7718-4008-bc44-3a0cfbcf1e20,,"SSA: Albendazol de 400 mg / 20 ml, suspensión oral, envase con 20 ml. - envase con 20 ml",PIH:941,
0e24eb98-62c4-459c-ba2e-dcdf540b93f9,,SSA: Alcohol desnaturalizado - envase con 20 l.,CIEL:70468,
dda282c8-b7c4-4819-80bb-ecb971f03ffe,,SSA: Alcohol desnaturalizado. envase con 1 litro - envase con 1 l.,CIEL:70468,
7b109abb-4409-468f-8bca-9dbef81c338d,,"SSA: Alcohol polivinílico de 14 mg/ml, solución oftálmica, envase con gotero integral con 15 ml. - gotero integral con 15 ml",CIEL:82315,
cd5c20b3-eb0a-4503-a554-da2cbe2c5e54,,"SSA: Alopurinol de 100 mg, tableta, envase con 20 tabletas. - 20 tabletas",CIEL:70878,
3283a994-fed5-476c-bb48-a0da010864d7,,"SSA: Alopurinol de 100 mg, tableta, envase con 50 tabletas. - 50 tabletas",CIEL:70878,
5d16bc35-0010-4cb2-b80d-73ee240ffe85,,"SSA: Alopurinol de 300 mg, tableta, envase con 20 tabletas. - 20 tabletas",CIEL:70878,
fde04a80-ee9b-4751-bdb0-1fa2011b84c7,,"SSA: Aluminio, hidróxido de - magnesio trisilicato de de 200 mg/447.3 mg, tableta masticable, envase con 50 tabletas masticables. - 50 tabletas",PIH:314,
f6c6cff3-7059-4582-a8c9-75960cbed998,,"SSA: Aluminio, hidróxido de - magnesio trisilicato de de 3.7 mg/8.9 g/100 ml, suspensión oral, envase con 240 ml y dosificador. - envase con 240 ml",PIH:314,
6e6420c5-86cf-4e03-bd9c-94ba3df11541,,"SSA: Ambroxol, clorhidrato de de 30 mg, comprimido, envase con 20 comprimidos. - 20 comprimidos",CIEL:71028,
4a2f10fa-3a78-48bf-8625-2e18d60267f3,,"SSA: Ambroxol, clorhidrato de de 300 mg/100 ml, solución, envase con 120 ml y dosificador. - envase con 120 ml",CIEL:71028,
0c9c83f2-1df1-496c-b049-a758cb1fe4b9,,"SSA: Aminofilina de 250 mg/10 ml, solución inyectable, envase con 5 ampolletas de 10 ml. - 5 ampolletas de 10 ml",CIEL:71101,
e089e490-eea8-4bd9-b39c-84d6ba27b6ba,,SSA: Amlodipino tabletas o capsulas 5 mg. - envase con 10 ó 30 capsulas o tabletas,CIEL:71138,
5ac4788f-4a4a-41ca-a617-34f987af9c97,,"SSA: Amlodipino, besilato de de 5 mg, tableta o cápsula, envase con 10 tabletas o cápsulas. - 10 tabletas o cápsulas.",CIEL:71138,
49605157-5732-4899-a42f-4729e9f9a48b,,"SSA: Amoxicilina sódica - ácido clavulánico (clavulanato de potasio) de 500 mg/100 mg, solución inyectable, envase con un frasco ámpula con 10 ml de diluyente. - env",PIH:450,
b93516d7-b444-4fc1-9d5b-97da6dfe3661,,"SSA: Amoxicilina trihidratada - ácido clavulánico (clavulanato de potasio) de 1.5 g/375 mg / 60 ml, suspensión oral, envase con 60 ml, cada 5 ml con 125 mg de amoxic",PIH:450,
1521b664-1d3a-41b3-bed0-77dd64b7e8a0,,"SSA: Amoxicilina trihidratada - ácido clavulánico (clavulanato de potasio) de 500 mg/125 mg, tableta, envase con 12 tabletas. - 12 tabletas",PIH:450,
6af212e2-67bb-42ae-b7fc-3435396b7191,,"SSA: Amoxicilina trihidratada - ácido clavulánico (clavulanato de potasio) de 500 mg/125 mg, tableta, envase con 16 tabletas. - 16 tabletas",PIH:450,
d21bc40c-aa52-44ca-8978-282bc6399c7a,,"SSA: Amoxicilina trihidratada de 500 mg, cápsula, envase con 12 cápsulas. - 12 cápsulas",PIH:265,
6bca10aa-10a3-4253-8f9a-9d3ee7b58e67,,"SSA: Amoxicilina trihidratada de 500 mg, cápsula, envase con 15 cápsulas. - 15 cápsulas",PIH:265,
f0456bbb-c08c-4f2e-8ea6-a4e80693b053,,"SSA: Amoxicilina trihidratada de 75 g / 75 ml, suspensión oral, envase con polvo para 75 ml (500 mg/5 ml). - envase para 75 ml",PIH:265,
b53988c9-76d6-4ed0-830f-d2e558dd5df4,,"SSA: Ampicilina trihidratada de 250 mg / 5 ml, suspensión oral, envase con polvo para 60 ml y dosificador. - envase para 60 ml",PIH:269,
e0cda55e-a079-41ee-aac2-b9cf8555e77d,,"SSA: Ampicilina trihidratada de 500 mg, tableta o cápsula, envase con 20 tabletas o cápsulas. - 20 tabletas o cápsulas",PIH:269,
f1b170ef-b225-499b-a271-98c5ac4ab8a8,,"SSA: Beclometasona, dipropionato de 10 mg, suspensión en aerosol, envase con inhalador con 200 dosis de 50 µg. - envase con inhalador con 200 dosis de50 microgramo",PIH:1240,
cafd5f72-0b4c-4eeb-a6e3-8dcd0d64c5fa,,"SSA: Beclometasona, dipropionato de de 50 mg, suspensión en aerosol, envase con inhalador con 200 dosis de 250 µg. - inhalador con 200 dosis de 250 microgramo",PIH:1240,
7e376844-88d7-4ed2-b2b0-2af64ca20007,,"SSA: Bencilo, benzoato de de 300 mg / ml, emulsión dérmica, envase con 120 ml. - envase con 120 ml",PIH:409,
bc77fecd-4a22-46c2-9f66-3bc487a60f88,,"SSA: Bencilpenicilina benzatínica compuesta suspensión inyectable - benzatínica 600 000 ui, procaínica 300 000 ui, cristalina 300 000 ui - frasco ámpula y diluyente ",PIH:4034,
79099888-d205-4203-9565-75b49c6a9d75,,"SSA: Benzatina bencilpenicilina de 1 200 000 ui, suspensión inyectable, envase con un frasco ámpula y 5 ml de diluyente. - envase con un frasco ámpula y 5 ml de dilu",PIH:4034,
d996668c-250a-4ebf-abeb-bd49fa0e4e87,,"SSA: Benzatina bencilpenicilina de 600 000 ui, suspensión inyectable, envase con un frasco ámpula y 5 ml de diluyente. - envase con un frasco ámpula y 5 ml de diluye",PIH:4034,
192a1ba1-9e16-4411-9ad2-be013e4e795e,,"SSA: Benzoilo, peróxido de de 5 g / 100 g, gel dérmico, envase con 60 g. - envase con 60 ml",CIEL:72063,
ace24552-6973-42d2-a158-8c314ca215ac,,"SSA: Benzoilo, peróxido de de 5 g / 100 ml, loción dérmica, envase con 30 ml. - envase con 30 ml",CIEL:72063,
e7067162-21b1-4b4f-8ef7-bd7aa4ad489f,,"SSA: Benzoilo, peróxido de de 5 g / 100 ml, loción dérmica, envase con 50 ml. - envase con 50 ml",CIEL:72063,
935e7623-5805-495c-8aaa-6fba21d03bcd,,SSA: Benzonatato perla cada perla contiene benzonatato 100 mg - envase con 20 perlas,CIEL:72053,
ecb3bf0a-9c3f-432f-9996-402495ea7e3a,,"SSA: Bismuto, subsalicilato de de 1.750 g/100ml, suspensión oral, envase con 240 ml. - envase con 240 ml",CIEL:72241,
64d7a84c-7df3-42fd-bafa-bf215b77d743,,"SSA: Bromocriptina, mesilato de (gt5) de cada tableta contiene: mesilato de bromocriptina equivalente a 2.5 mg de bromocriptina., tableta, envase con 14 tabletas. - ",CIEL:72411,
5215fb02-4bbb-44a9-9189-3a67a16bf52e,,"SSA: Butilhioscina - metamizol gragea 10 mg/ 250 mg, - envase con 36 grageas",CIEL:431,
7950aff1-dc8c-4edf-ab8e-6bef7ca6cbb0,,SSA: Butilhioscina - metamizol solución inyectable 20 mg/2.5 g/5 ml - envase con 5 ampolletas de 5 ml.,CIEL:431,
32d9aa57-ada8-4b4a-9740-134388857a6e,,"SSA: Butilhioscina (n butilbromuro de hioscina) - metamizol) de 20 mg / 2.5 g / 5 ml, solución inyectable, envase con 5 ampolletas de 5 ml. - 5 ampolletas con 5 ml",CIEL:431,
50cbc609-51f2-4d6c-a8c3-c42468a065b5,,"SSA: Butilhioscina, bromuro de o butilbromuro de hioscina de 10 mg, gragea o tableta, envase con 10 gragea o tabletas. - 10 grageas o tabletas",CIEL:431,
da6e0210-e50f-4b02-9f5f-272d788f17e5,,"SSA: Butilhioscina, bromuro de ó butilbromuro de hioscina de 20 mg, solución inyectable, envase con 3 ampolletas de 1 ml. - 3 ampolletas con 1.0 ml",CIEL:431,
b7356477-0fc7-4440-b2a4-eb7b3b816ffc,,SSA: Calcio comprimido efervescente cada comprimido contiene: lactato gluconato de calcio 2.94 g carbonato de calcio 300 mg equivalente a 500 mg de calcio ionizable.,CIEL:72660,
ae380d2e-b895-4fac-a65b-8c0b56128f07,,"SSA: Captopril de 25 mg, tableta, envase con 30 tabletas. - 30 tabletas",PIH:3182,
27a17fb8-5c3c-438f-b2a7-8a731dfa12da,,"CES: Captopril 25 mg - 20 tabletas",PIH:3182,
f9f7ae6a-5a0e-452e-b782-8639917a9078,,"SSA: Cefalexina monohidratada de 500 mg, tableta o cápsula, envase con 20 tabletas o cápsulas. - envase con 20 tabletas o cápsulas.",CIEL:73087,
ac030120-a550-49a9-9437-37beee2c0d24,,SSA: Cinitaprida granulado 1 mg 30 sobres - envase,CIEL:73429,
ce86c588-0772-4ac3-bbf7-af9cb82a991f,,"SSA: Cinitaprida, bitartrato de de 1 mg, comprimido, envase con 25 comprimidos. - 25 comprimidos",CIEL:73429,
a236bf07-41d3-49ff-ab39-afa1d6703332,,"SSA: Cinitaprida, bitartrato de de 1 mg, granulado, envase con 30 sobres. - 30 sobres",CIEL:73429,
30cfacc3-0285-40e2-84e7-8c18fb46a14c,,"SSA: Cinitaprida, bitartrato de de 20 mg/100 ml, solución oral, envase con 120 ml (1 mg/5 ml) y cucharita dosificadora. - envase con 120 ml y cucharita dosificadora",CIEL:73429,
42fbbd3d-d263-409b-ae85-eaa19c61c8f6,,"SSA: Ciprofloxacino monohidratado, clorhidrato de de 250 mg, cápsula o tableta, envase con 8 cápsulas o tabletas. - 8 cápsulas ó tabletas",PIH:740,
9d6c2ab2-45d7-40ea-92af-b57445e1bbda,,SSA: Cisaprida suspensión cada 100 ml contienen: cisaprida 100 mg - envase con 60 ml y dosificador de 5 ml,CIEL:73453,
4ce4162f-bb25-4268-acad-2c7d0afc5cfe,,SSA: Cisaprida tableta 10 mg - caja con 30 tabletas,CIEL:73453,
eda1b22d-fc3a-4906-9aea-e76cc0857b1a,,SSA: Cisaprida tableta cada tableta contiene: cisaprida 5 mg . - envase con 30 tabletas.,CIEL:73453,
68659c1b-e112-477e-a320-c535e51771ae,,"SSA: Citalopram, bromhidrato de de 20 mg, tableta, envase con 14 tabletas. - 14 tabletas",CIEL:73461,
79d7dfe5-5241-43cd-83dd-b7110019c180,,"SSA: Citalopram, bromhidrato de de 20 mg, tableta, envase con 28 tabletas. - 28 tabletas",CIEL:73461,
64567404-417f-480e-8bbd-9bcd8a7af101,,"SSA: Claritromicina de 250 mg, tableta, envase con 10 tabletas. - 10 tabletas",PIH:2459,
9c1236e1-bd42-4629-91e7-549783fb12bc,,"SSA: Clindamicina, clorhidrato de de 300 mg, cápsula, envase con 16 cápsulas. - 16 cápsulas",CIEL:73546,
1f721de8-1255-4560-9ba7-2bb06f728a68,,"SSA: Clioquinol de 30 mg / g, crema, envase con 20 g. - envase con 20 g",CIEL:73560,
eb55ab7f-80f0-4b07-a5c7-122cf33c4fac,,"SSA: Cloranfenicol de 500 mg, cápsula, envase con 20 cápsulas. - 20 cápsulas",PIH:266,
887a7166-59b6-4ef1-aaaa-8867d26ffb79,,"SSA: Cloranfenicol levógiro de 5 mg/g, ungüento oftálmico, envase con 5 g. - envase con 5 g",PIH:266,
adccc16b-c733-4bc8-a98a-f7ec3008d18d,,"SSA: Cloranfenicol levógiro de 5 mg/ml, solución oftálmica, envase con gotero integral con 15 ml. - gotero integral con 15 ml",PIH:266,
11e3ab93-2aa9-4636-a935-10960942bc0f,,"SSA: Clorfenamina, maleato de de 0.5 mg/ml, jarabe, envase con 60 ml. - envase con 60 ml",CIEL:913,
5f6902f6-d8c4-4f1f-9996-47307f20ea23,,"SSA: Clorfenamina, maleato de de 10 mg / ml, solución inyectable, envase con 5 ampolletas con 1 ml. - 5 ampolletas",CIEL:913,
2082f442-ed8e-4dac-bf77-eb67f578b98e,,"SSA: Clorfenamina, maleato de de 4.0 mg, tableta, envase con 20 tabletas. - 20 tabletas",CIEL:913,
d1613d5b-4136-4c91-8415-431a6b5e6eff,,"SSA: Cloroquina, fosfato de de 150 mg, tableta, envase con 1,000 tabletas. - 1000 tabletas",PIH:98,
df795a09-ec91-4e88-95dd-78e61dc5b3be,,"SSA: Clortalidona (gt3) de 50 mg, tableta, envase con 20 tabletas. - envase con 20 tabletas.",CIEL:73338,
b24a1024-052d-45a5-a031-15fd93d58313,,"SSA: Colchicina de 1 mg, tableta, envase con 30 tabletas. - 30 tabletas",CIEL:73702,
385199f7-00d2-44b9-b3b5-132059c7f4f5,,"SSA: Complejo b de tiamina, mononitrato de, 100mg, piridoxina 5 mg, cianocobalamina 50 µg, tableta, comprimido o cápsula, envase con 30 tabletas, comprimidos o cápsu",CIEL:84995,
cf154c4a-632a-4a6b-abac-55216d046aed,,SSA: Condón masculino de hule látex. envase con 100 piezas. - envase con 100 piezas,CIEL:190,
fdddd018-2af7-4eae-ac0c-f88e6d3aee8e,,"SSA: Cromoglicato de sodio de 560/ 5 mg, suspensión aerosol, envase con espaciador para 112 dosis de 5 mg. - envase con 16 g para 112 inhalaciones",CIEL:74044,
9561b8e0-dc7a-4c4b-aedf-b0df9849efea,,"SSA: Dapsona de 100 mg, tableta, envase con 1,000 tabletas. - 1000 tabletas",PIH:92,
54f1a7c3-a18f-469c-8172-f630cb1d3ba1,,"SSA: Desogestrel y etinilestradiol de 0.15 mg/0.03 mg, tableta, envase con 21 tabletas. - 21 tabletas",CIEL:104421,
172f7d64-c03c-452a-b1c4-8f6da5696cec,,"SSA: Desogestrel y etinilestradiol de 0.15 mg/0.03 mg, tableta, envase con 28 tabletas (21 con hormonales y 7 sin hormonales). - 28 tabletas (21 con hormonales y 7 s",CIEL:104421,
69487ae2-c150-4a8f-be6b-9c391d2d70d4,,SSA: Dextrometorfano jarabe 300 mg. - envase con 60 ml y dosificador,CIEL:74666,
7b859983-dbbd-41bd-9f16-07f641ed5c27,,"SSA: Diclofenaco sódico de 100 mg, cápsula o gragea de liberación prolongada, envase con 20 cápsulas o grageas. - 20 cápsulas o grageas",CIEL:74782,
ab5ea67f-10c3-46ee-9b8e-5d9ddfa24e78,,"SSA: Diclofenaco sódico de 75 mg/3 ml, solución inyectable, envase con 2 ampolletas con 3 ml. - 2 ampolletas con 3 ml",CIEL:74782,
d5f6ab7a-236f-45f7-b448-6fae4b250ab1,,"SSA: Dicloxacilina sódica de 250 mg / 5 ml, suspensión oral, envase con polvo para 60 ml y dosificador. - envase para 60 ml",CIEL:74794,
b1b3f420-35b6-478c-b99d-e107fb2ce084,,"SSA: Dicloxacilina sódica de 500 mg, cápsula o comprimido, envase con 20 cápsulas o comprimidos. - 20 cápsulas o comprimidos",CIEL:74794,
a046e839-af64-4ed8-a9c6-cd679bb6a215,,SSA: Difenhidramina jarabe 12.5mg/ml - envase,CIEL:75015,
480eb3bf-f205-4b15-9cbf-a65fde411059,,"SSA: Difenhidramina, clorhidrato de de 100 mg / 10 ml, solución inyectable, envase con frasco ámpula de 10 ml. - frasco ámpula con 10 ml.",CIEL:75015,
cfc0be6c-8943-476a-a045-c77a992f393f,,"SSA: Difenhidramina, clorhidrato de de 250 mg/100 ml, jarabe, envase con 60 ml. - envase con 60 ml",CIEL:75015,
03085e89-c2f0-46ea-acba-c70c7ac76717,,"SSA: Difenidol, clorhidrato de de 25 mg, tableta, envase con 30 tabletas. - 30 tabletas",CIEL:75020,
dfeb9c65-f762-4aca-a4ac-e939df250763,,"SSA: Difenidol, clorhidrato de de 40 mg/ 2 ml, solución inyectable, envase con 2 ampolletas con 2 ml. - envase con 2 ampolletas con 2 ml.",CIEL:75020,
09b9dcdb-d197-42ac-831d-8ebcbf3fef7b,,"SSA: Digoxina de 0.05 mg / ml, elíxir, envase con 60 ml con gotero calibrado de 1 ml integrado o adjunto al frasco y le sirve de tapa. - envase con 60 ml",PIH:3488,
c9a4c947-e72d-4604-b7a1-635cd5354707,,"SSA: Digoxina de 0.25 mg, tableta, envase con 20 tabletas. - 20 tabletas",PIH:3488,
a387da95-ff06-4a38-8aa4-3ce6db7411c4,,"SSA: Digoxina de 0.5 mg / 2 ml, solución inyectable, envase con 6 ampolletas de 2 ml. - 6 ampolletas de 2 ml",PIH:3488,
f6662f62-476c-407d-973f-9df0c75d51fe,,"SSA: Dimenhidrinato de 50 mg/ml, solución inyectable, envase con una ampolleta de 1 ml. - ampolleta con 1 ml",CIEL:74935,
f229778e-09b0-453b-83eb-79ff8f72f524,,"SSA: Doxiciclina, hiclato de de 100 mg, cápsula o tableta, envase con 10 cápsulas o tabletas. - 10 cápsulas o tabletas",CIEL:75224,
8a001950-1243-495f-ad86-37b4081cf001,,"SSA: Doxiciclina, hiclato de de 50 mg, cápsula o tableta, envase con 28 cápsulas o tabletas. - 28 cápsulas o tabletas",CIEL:75224,
1962a467-9db0-4748-9e27-5a12e0bf78c0,,"SSA: Epinefrina de cada ampolleta contiene: epinefrina 1 mg (1:1 000), solución inyectable, envase con 50 ampolletas con 1 ml. - 50 ampolletas de 1.0 ml",CIEL:75744,
e36a57d7-9250-4e9e-8bf9-669ea4d0547d,,"SSA: Eritromicina, estearato de de 250 mg / 5 ml, suspensión oral, envase con polvo para 100 ml y dosificador. - envase para 100 ml",CIEL:75842,
95a77a1e-37ef-44f7-b2d2-3cb424c93a91,,"SSA: Eritromicina, estearato de de 500 mg, cápsula o tableta, envase con 20 cápsulas o tabletas. - 20 cápsulas o tabletas",CIEL:75842,
ffce65fe-dc3f-4e8c-822d-7a8fa53dab1e,,SSA: Esomeprazol o pantoprazol o rabeprazol u omeprazol o (agrupamiento de inhibidores la bomba de protones) tableta o gragea o cápsula esomeprazol 40 mg o pantopraz,PIH:1244,
5c0b7a9e-dfa0-4262-a87a-36d9d13fac9d,,"SSA: Espironolactona de 100 mg, tableta, envase con 30 tabletas. - 30 tabletas",PIH:4061,
3650f3b6-cc1b-486e-8800-8502384bb065,,"SSA: Espironolactona de 25 mg, tableta, envase con 20 tabletas. - 20 tabletas",PIH:4061,
496ecef7-1179-4a05-ae65-6a291bab28a1,,"SSA: Espironolactona de 25 mg, tableta, envase con 30 tabletas. - 30 tabletas",PIH:4061,
d617874a-6b4d-4c15-949b-721b58cc1639,,"SSA: Estreptomicina, sulfato de de 1 g, solución inyectable, envase con un frasco ámpula y diluyente con 2 ml. - frasco ámpula y diluyente con 2 ml",CIEL:84360,
5a3b2c64-030e-4a66-ba89-12af5d143701,,SSA: Estrógenos conjugados crema vaginal 0.625 mg/ g - envase con 43 g. y aplicador,CIEL:75929,
c64ad572-cd9b-4790-b39a-33d858d31232,,"SSA: Estrógenos conjugados de origen vegetal de 0.625 mg, gragea o tableta, envase con 42 grageas o tabletas. - 42 grageas o tabletas",CIEL:75929,
22a4ff98-cbe5-47ee-956c-bd8a811e17c5,,"SSA: Estrogenos conjugados origen natural, grageas de .625 mg - envase con 42 grageas o tabletas",CIEL:104606,
c83d8cce-6cc3-48ac-95cb-489633f51080,,"SSA: Etambutol, clorhidrato de de 400 mg, tableta, envase con 50 tabletas. - 50 tabletas",PIH:745,
77db3a71-f333-4122-82b0-46af04d379b9,,"SSA: Etonogestrel de 68 mg, implante, envase con un implante y aplicador. - implante y aplicador.",CIEL:76022,
a67b93bb-8b76-46d0-a615-10423d36685a,,"SSA: Ezetimiba-simvastatina de 10 mg/ 20 mg, comprimido, envase con 14 comprimidos. - envase con 14 comprimidos.",CIEL:104633,
270cc4ab-a7ba-4003-9a99-446fb733987c,,SSA: Felodipino tableta de liberación prolongada 5 mg - envase con 10 tabletas,CIEL:76211,
1b04e093-4bfe-4670-8445-e0e30654d3a5,,SSA: Fenazopiridina tableta 100 mg. - envase con 20 tabletas.,CIEL:81909,
bee0e7c3-8512-4b8b-8d39-1d796b0ea0d3,,"SSA: Fenitoína de 37.5 mg/5 ml, suspensión oral, envase con 120 ml y vasito dosificador de 5 ml. - envase con 120 ml y dosificador de 5 ml",CIEL:82023,
dabdae4f-d2b8-424c-94dd-8ae6188e30d3,,"SSA: Fenitoína sódica de 100 mg, cápsula o tableta, envase con 50 tabletas o cápsulas. - 50 tabletas o cápsulas",CIEL:82024,
0e76363d-953d-4f94-a60a-0d3d4963942a,,"SSA: Fenitoína sódica de 250 mg/5 ml, solución inyectable, envase con una ampolleta (250 mg/5 ml). - una ampolleta con 5 ml",CIEL:82024,
e4460a49-6fee-4ebd-b6a4-b145520c67fd,,"SSA: Fenitoína sódica de 30 mg, tableta, envase con 50 tabletas. - 50 tabletas",CIEL:82024,
bbbe7598-90eb-42b3-be97-bac5dc7edd23,,"SSA: Fitomenadiona de 2 mg, solución o emulsión inyectable, envase con 3 ampolletas de 0.2 ml. - 3 ampolletas con 0.2 ml",CIEL:86353,
b32f050a-ccaf-4820-bd84-0efa7dcb98ff,,"SSA: Fitomenadiona de 2 mg, solución o emulsión inyectable, envase con 5 ampolletas de 0.2 ml. - envase con 5 ampolletas de 0.2 ml.",CIEL:86353,
2454e77f-2b88-4090-96fe-900ec0438831,,"SSA: Fitomenadiona solución o emulsión inyectable, cada ampolleta contiene fitomenadiona 10 mg. presentación: 5 ampolletas con 1.0 ml - envase con 5 ampolletas de 1 ",CIEL:86353,
5f0bece3-9706-452d-ab00-33d1c0920b43,,SSA: Fluocinolona acetonido de crema 0.1 mg/g - envase con 20 gramos,CIEL:76515,
db50afae-d839-4292-90fc-6cc346ce01a7,,"SSA: Fluoxetina, clorhidrato de de 20 mg, cápsula o tableta, envase con 14 cápsulas o tabletas. - 14 cápsulas o tabletas",CIEL:76553,
f69e5953-00db-4970-b688-74685cd40404,,"SSA: Fluoxetina, clorhidrato de de 20 mg, cápsula o tableta, envase con 28 cápsulas o tabletas. - 28 cápsulas o tabletas",CIEL:76553,
ff7ce1b3-f589-4e8e-9d2d-ef5547043508,,"SSA: Fumarato ferroso de cada ml contiene: fumarato ferroso 29 mg equivalente a 9.53 mg de hierro elemental, suspensión oral, envase con 120 ml. - envase con 120 ml",CIEL:76335,
1dc99ac5-0412-4e2d-93be-80654e2cb809,,"SSA: Fumarato ferroso de cada tableta contiene: fumarato ferroso 200 mg equivalente a 65.74 mg de hierro elemental, tableta, envase con 50 tabletas. - 50 tabletas",CIEL:76335,
26d38fad-25e5-441a-83ef-63394d179ab1,,"SSA: Furosemida de 20 mg/2 ml, solución inyectable, envase con 5 ampolletas con 2 ml. - 5 ampolletas con 2 ml",PIH:99,
2c3ddf95-dd47-49c0-be37-1df18c57c59e,,"SSA: Furosemida de 40 mg, tableta, envase con 20 tabletas. - 20 tabletas",PIH:99,
8a120073-dde5-42b7-8c5e-017c9c37e8f1,,"SSA: Gentamicina, sulfato de de 20 mg, solución inyectable, envase con ampolleta con 2 ml. - ampolleta con 2 ml",PIH:100,
62eada3f-9251-4ace-a6be-c00dbdafddd6,,"SSA: Gentamicina, sulfato de de 80 mg, solución inyectable, envase con ampolleta con 2 ml. - ampolleta con 2 ml",PIH:100,
cc2cf316-80a9-43da-a066-79c8309f41e4,,"SSA: Glibenclamida de 5 mg, tableta, envase con 50 tabletas. - 50 tabletas",PIH:4046,
51da8e86-d985-4bce-9d44-b1a9b2be7175,,SSA: Glicerina envase con 55 ml - envase,CIEL:77073,
0ac1d0a3-1754-4bb7-b7f2-b4a5601dcec2,,"SSA: Glucosa anhidra de cada 100 ml contienen: glucosa anhidra 50 g equivalente a 50.0 g de glucosa. contiene: glucosa 25 g, solución inyectable al 50 %, envase con ",CIEL:77054,
8cbd63fa-bc32-4c4e-880a-59ca635334c1,,SSA: Hidralazina solución inyectable cada ampolleta contiene: clorhidrato de hidralazina 10 mg. - 5 ampolletas con 1.0 ml,CIEL:77675,
c7ab0863-3f75-4842-8233-e38098371f5b,,"SSA: Hidralazina, clorhidrato de de 10 mg, tableta, envase con 20 tabletas. - 20 tabletas",CIEL:77675,
05fe6d84-0eb1-40ea-bdb2-4ba225da3cdf,,"SSA: Hidralazina, clorhidrato de de cada ampolleta contiene: clorhidrato de hidralazina 10 mg / ml, solución inyectable, envase con 5 ampolletas con 1 ml. - 5 ampoll",CIEL:77675,
0d9bc039-f7d8-4f62-b817-1e3e6a0a5752,,"SSA: Hidralazina, clorhidrato de de cada ampolleta contiene: clorhidrato de hidralazina 20 mg / ml, solución inyectable, envase con 5 ampolletas con 1 ml. - 5 ampoll",CIEL:77675,
d06bf59a-6d2c-4188-98af-13225a0169e5,,"SSA: Hidroclorotiazida de 25 mg, tableta, envase con 20 tabletas. - 20 tabletas",PIH:1243,
9f5aab96-db24-4215-9520-7c8a230f279c,,"SSA: Hidrocortisona, 17-butirato de de 1 mg / g, crema, envase con 15 g. - envase con 15 g",CIEL:77714,
b2ebc506-6fca-4fc9-af13-e434c4f45162,,"SSA: Hidrocortisona, succinato sódico de de 100 mg / 2 ml, solución inyectable, envase con 50 frascos ámpula y 50 ampolletas con 2 ml de diluyente. - 50 frascos ámpu",CIEL:77714,
67eaa08c-6ac9-4499-a20a-e926683114b9,,"SSA: Hidròxido de calcio estuche base-catalizador, para sellar cavidades dentales. de hidróxido de calcio, compuesto autopolimerizable, dos pastas semilíquidas, base",CIEL:72682,
fde99547-f6fc-4ab5-8ad9-9e762f71bf2e,,SSA: Hierro aminoquelado y ácido fólico tableta - hierro elemental 30 mg ácido fólico 0.500 mg - 30 tabletas - envase,PIH:773,
41cc9856-98a8-40f5-be89-0d129f5040b1,,SSA: Hierro dextrán solución inyectable - 100 mg/2 ml - 3 ampolletas con 2 ml - envase,CIEL:78230,
671068e8-0faf-4460-9ec0-8ae058ca7079,,"SSA: Hipromelosa de 20 mg/ml, solución oftálmica al 2%, envase con gotero integral con 15 ml. - envase con gotero integral con 15 ml.",CIEL:77850,
843fb498-aa48-4bb7-9f2d-d7bc5416a117,,"SSA: Inmunoglobulina humana antirrábica de cada frasco ámpula o ampolleta contiene: inmunoglobulina humana antirrábica 300 ui, solución inyectable, envase con un fra",CIEL:77594,
398a1628-24d6-469d-b746-d47195893c9e,,SSA: Insulina glargina solución inyectable 3.64 mg/ml. - envase con 5 cartuchos de vidrio con 3 ml. en dispositivo desechable,CIEL:78064,
15e3337b-61cc-4d77-a0a6-5292a1738c0d,,"SSA: Insulina humana acción rápida regular (origen adn recombinante ) de 100 ui / ml, solución inyectable, envase con un frasco ámpula con 5 ml. - un frasco ámpula c",CIEL:78082,
f770559e-f86b-4241-bec7-ddc777b45855,,"SSA: Insulina humana acción rápida regular (origen adn recombinante) de 100 ui / ml, solución inyectable, envase con un frasco ámpula con 10 ml. - un frasco ámpula c",CIEL:78082,
047e815d-9ede-495f-bf63-ed85b18b3621,,"SSA: Insulina humana isófana acción intermedia nph (origen adn recombinante ) de 100 ui / ml, suspensión inyectable, envase con un frasco ámpula con 10 ml. - un fras",CIEL:78068,
eddea073-9965-4029-975d-e0ac8b2256b7,,"SSA: Insulina zinc compuesta humana (origen adn recombinante )acción intermedia de 100 ui / ml, suspensión inyectable, envase con un frasco ámpula con 10 ml. - un fr",CIEL:78086,
20aacf93-7175-4f60-b638-320e1f161a73,,"SSA: Insulina zinc isófana humana acción intermedia nph (origen adn recombinante ) de 100 ui / ml, suspensión inyectable, envase con un frasco ámpula con 5 ml. - un ",CIEL:78068,
85b6b4a7-c275-4277-97ce-90679b7cbbf5,,SSA: Iodopovidona espuma. cada 100 ml contienen: iodopovidona 8 g. equivalente a 0.8 g de yodo. - envase con 3.5 l.,CIEL:82384,
bef82524-4eca-45e8-ba69-f0b3eb52bf99,,"SSA: Iodopovidona solucion cada 100 ml contienen iodopovidona 11 g., equivalente a 1.1 g de yodo. envase con 3.5 ml. - envase con 3.5 l",CIEL:82384,
1ffebf48-7526-4ff5-b508-c37fe5cf86e7,,"SSA: Irbesartán - hidroclorotiazida de 150 mg/12.5 mg, tableta, envase con 28 tabletas. - envase con 28 tabletas.",CIEL:104831,
d94b60d3-72f5-4b98-9288-813e81a8d62a,,"SSA: Isoconazol, nitrato de de 1 g / 100 g, crema, envase con 20 g. - envase con 20 g",CIEL:78251,
ee7753b5-3a5d-4a28-81cc-7f06d1ac0c5f,,"SSA: Isoniazida - rifampicina-pirazinamida - clorhidrato de etambutol de 75 mg/150 mg/400 mg/300 mg, tableta, envase con 240 tabletas. - 240 tabletas",PIH:656,
f418fe7d-6971-44d2-924a-4a6d2a87c01c,,"SSA: Isoniazida de 100 mg, tableta, envase con 200 tabletas. - 200 tabletas",PIH:656,
5ea1fc12-7e62-4b20-bf2b-27c1437bb7e4,,"SSA: Isoniazida y rifampicina de 400 mg/300 mg, tableta recubierta, envase con 90 tabletas recubiertas. - 90 tabletas recubiertas",PIH:656,
65ca5b7c-86a3-46e7-9cf1-5de723045727,,"SSA: Isosorbida, dinitrato de de 10 mg, tableta, envase con 20 tabletas. - 20 tabletas",PIH:3428,
82818fe5-fe21-4861-a6f3-99d5c29e3130,,"SSA: Isosorbida, dinitrato de de 5 mg, tableta sublingual, envase con 20 tabletas sublinguales. - 20 tabletas sublinguales",PIH:3428,
e0d4cb98-f6a9-42ad-8bbe-c62e22c19a4e,,"SSA: Itraconazol de 100 mg, cápsula, envase con 15 cápsulas. - 15 cápsulas",CIEL:78338,
668b9e13-ba32-4ff0-92e5-a6439c408b11,,SSA: Jabon con clorhexidina al 4 % antiseptico de amplio espectro con accion intermedia y prolongada para lavado de manos ingrediente activo al 4 % p/v 946 ml pieza ,CIEL:73265,
2168d42c-98bb-4400-b1a4-45d0ef775996,,SSA: Jalea lubricante. aséptica. - envase con 135 g,CIEL:162138,
e624f920-43e8-4e27-9b27-2fa56555840a,,"SSA: Ketoconazol de 200 mg, tableta, envase con 10 tabletas. - 10 tabletas",PIH:926,
f6ee31fd-9f91-4597-af34-b89274e7356a,,"SSA: Ketoprofeno de 100 mg, cápsula, envase con 15 cápsulas. - 15 cápsulas",CIEL:78479,
ba89e482-2831-46c2-862e-e872429d07ba,,SSA: Ketorolaco tometamina tabletas de 10 mg - frasco de 10 tabletas con 10 mg,CIEL:78482,
2f97e964-3fbc-4da6-a619-d7ad5c95e391,,"SSA: Levonorgestrel de 0.03 mg, gragea, envase con 35 grageas. - 35 grageas",PIH:1718,
c72e7ed6-c179-481e-9873-812e20aee1fa,,"SSA: Levonorgestrel de 0.750 mg, comprimido o tableta, envase con 2 comprimidos o tabletas. - envase con 2 comprimidos o tabletas.",PIH:1718,
1f003a43-d738-4c7d-ab87-8239db9e50fe,,"SSA: Levonorgestrel y etinilestradiol de 0.15 mg/0.03 mg, gragea, envase con 21 grageas. - 21 grageas",CIEL:162296,
81a9ed8d-6ae8-408f-a96d-a4a295d20e15,,"SSA: Levonorgestrel y etinilestradiol de 0.15 mg/0.03 mg, gragea, envase con 28 grageas (21 con hormonales y 7 sin hormonales). - 28 grageas (21 con hormonales y 7 s",CIEL:162296,
0978646d-243c-46b7-89a4-8b23393bd0b2,,"SSA: Lidocaína de 10.0 g / 100 ml, solución al 10%, envase con 115 ml con atomizador manual. - 115 ml con atomizador manual",CIEL:78849,
8fa3429d-50df-4c5b-8f82-43aa31c9f5a7,,SSA: Lidocaina-hidrocortisona ungüento 50 mg/2.5 mg/1g - envase,CIEL:104859,
9212c5de-5f29-4640-84ba-ad99e9fc10a1,,"SSA: Lidocaína, clorhidrato de (gt3) de 500 mg / 50 ml, solución inyectable al 1%, envase con 5 frascos ámpula de 50 ml. - 5 frascos ámpula con 50 ml",CIEL:78849,
83e40f8f-6f23-43ad-a492-298c7892a165,,"SSA: Lidocaína, clorhidrato de de 1 g / 50 ml, solución inyectable al 2%, envase con 5 frascos ámpula con 50 ml. - 5 frascos ámpula con 50 ml",CIEL:78849,
94dcba35-d96f-4140-832c-eb951caa13fc,,"SSA: Lidocaína, clorhidrato de, epinefrina de 1 g / (1:200000) / 0.25 mg, solución inyectable al 2%, envase con 5 frascos ámpula con 50 ml. - 5 frascos ámpula con 50",CIEL:104584,
569361a1-097b-4dc5-a3d3-5d0f807706a6,,"SSA: Lidocaína, clorhidrato de, epinefrina de 36 mg / (1:100000) / 0.018 mg, solución inyectable al 2%, envase con 50 cartuchos dentales con 1.8 ml. - 50 cartuchos d",CIEL:104584,
4b5fa506-95c6-4de1-99a5-88e76a0a570e,,"SSA: Lidocaína, clorhidrato de, glucosa monohidratada de 100 mg / 2 ml / 150 mg, solución inyectable al 5%, envase con 50 ampolletas con 2 ml. - 50 ampolletas con 2 ",CIEL:104735,
2a42a7b1-b808-45d8-8eba-615cf45738a5,,"SSA: Lisinopril de 10 mg, cápsula o tableta, envase con 30 cápsulas o tabletas. - 30 cápsulas o tabletas",PIH:3183,
0fa5f50a-c0ee-4cae-85a6-e18d992acd40,,SSA: Loperamida tableta cada comprimido tabletas o gragea contiene: clorhidrato de loperamida 2 mg. - envase con 12 tabletas.,CIEL:79038,
09fe82a8-0795-40a7-a863-8e092cde87b2,,"SSA: Loperamida, clorhidrato de de 2 mg, comprimido, tableta o gragea, envase con 12 comprimidos, tabletas o grageas. - 12 comprimidos, tabletas o grageas",CIEL:79038,
448e5a12-e989-46f6-a9d7-7f482565fe59,,"SSA: Loratadina de 10 mg, tableta o gragea, envase con 20 tabletas o grageas. - 20 tabletas o grageas",CIEL:79053,
54aa16a7-dc6d-4e0a-8177-b9f66b6f9609,,SSA: Loratadina jarabe 5mg/5ml. - envase,CIEL:79053,
a733ac97-7c8d-4c76-b1a1-d9fbe724db2e,,SSA: Losartan gragea 50 mg - gragea,CIEL:79074,
c1581f78-a668-4b9d-8386-b87e62d79026,,"SSA: Magnesio, valproato de (ácido valproico) de 185.6 mg / 200 mg, tableta con cubierta entérica, envase con 40 tabletas. - 40 tabletas",CIEL:79224,
f8adcbed-f16c-4769-ac1a-2827dde30fac,,"SSA: Magnesio, valproato de (ácido valproico) de 186 mg/ml, solución, envase con 40 ml. - envase con 40 ml",CIEL:79224,
4395cc59-6dde-4cce-b567-9f72fab071ab,,"SSA: Magnesio, valproato de de 600 mg, tableta de liberación prolongada, envase con 30 tabletas. - 30 tabletas",CIEL:79224,
412ec8c2-67eb-47e9-b8ab-5e30e7113cc2,,"SSA: Mebendazol de 100 mg, tableta, envase con 6 tabletas. - 6 tabletas",PIH:244,
9c80b0cb-72ea-40be-a896-b20d579c509c,,"SSA: Medroxiprogesterona, acetato de, estradiol, cipionato de de 25 mg/5 mg/0.5 ml, suspensión inyectable, envase con una ampolleta con 0.5 ml. - ampolleta o jeringa",CIEL:79494,
0fe8c5bf-2662-4e74-ac57-8badc3d2357d,,"SSA: Meloxicam de 15 mg, tableta, envase con 10 tabletas. - envase con 10 tabletas.",CIEL:79532,
cf66a394-05ed-4b05-9a59-7d2bb329b251,,SSA: Mercurio tridestilado. quimicamene puro. envase con 250 g. - envase con 250 g,CIEL:79605,
ef244bc6-a202-4132-a26d-543da0597e74,,"SSA: Metamizol sódico de 1 g / 2 ml, solución inyectable, envase con 3 ampolletas con 2 ml. - 3 ampolletas con 2 ml",CIEL:75047,
953b48b8-f5a5-47f8-931e-a9d0333ea172,,"SSA: Metamizol sódico de 500 mg, comprimido, envase con 10 comprimidos. - 10 comprimidos",CIEL:75047,
e3d0a615-0a72-4905-ac6d-e630dcc4968f,,"SSA: Metformina, clorhidrato de de 850 mg, tableta, envase con 30 tabletas. - 30 tabletas",CIEL:79652,
22dd834d-32d0-4bba-9fb7-de51bde3008b,,"SSA: Metocarbamol de 400 mg, tableta, envase con 30 tabletas. - 30 tabletas",CIEL:79696,
cc09a83e-c8af-42d3-ad61-84c238079763,,"SSA: Metoclopramida, clorhidrato de de 10 mg, solución inyectable, envase con 6 ampolletas de 2 ml. - 6 ampolletas con 2 ml",CIEL:79757,
662fac00-f3e8-4127-af93-af3317d9dea6,,"SSA: Metoclopramida, clorhidrato de de 10 mg, tableta, envase con 20 tabletas. - 20 tabletas",CIEL:79757,
f68262d7-6ad1-43e6-8a66-03abe6ef506d,,"SSA: Metoclopramida, clorhidrato de de 4 mg/ml, solución, envase frasco gotero con 20 ml. - frasco gotero con 20 ml",CIEL:79757,
dfbe2c8c-f045-45a4-a8bb-86ce28f0396b,,"SSA: Metoprolol, tartrato de de 100 mg, tableta, envase con 20 tabletas. - 20 tabletas",CIEL:79767,
2977edf8-d09e-4890-aafb-c1c68bb694cb,,"SSA: Metronidazol de 500 mg, óvulo o tableta vaginal, envase con 10 óvulos o tabletas. - 10 óvulos o tabletas vaginales",PIH:237,
898ce582-e81b-40bd-ab14-f5d3cf63174a,,"SSA: Metronidazol de 500 mg, tableta, envase con 20 tabletas. - 20 tabletas",PIH:237,
e4f25800-8622-46b3-afd0-3f7d2e9a1d4e,,"SSA: Metronidazol de 500 mg, tableta, envase con 30 tabletas. - 30 tabletas",PIH:237,
4e72831c-7674-420a-8b38-fcbee5698f4a,,"SSA: Metronidazol, benzoilo de de 250 mg / 5 ml, suspensión oral, envase con 120 ml y dosificador. - envase con 120 ml",CIEL:79783,
5e5c470f-ba08-4422-afc0-753eff1659bc,,"SSA: Miconazol, nitrato de de 20 mg / g, crema, envase con 20 g. - envase con 20 g",PIH:918,
0b4c8973-7c6a-4096-b315-fa9878df17c6,,SSA: Misoprostrol cada tableta contiene: misoprostol 200 µg envase con 28 comprimidos - envase con 28 comprimidos.,CIEL:79984,
b852c6d3-c228-4b63-a7a4-ef60b8eb6012,,"SSA: Mometasona, monohidratada furoato de (gt18) de 0.050 g/100 ml, suspensión para inhalación, envase nebulizador con 18 ml y válvula dosificadora (140 nebulizacion",CIEL:80049,
0e97ee30-a81a-4176-bc06-110d30ba6c15,,"SSA: Multivitaminas (polivitaminas) y minerales de vitamina a, 2500 ui, d2, 200 ui, e, 15.0 mg, c, 60 mg, tiamina, 1.05 mg, riboflavina, 1.2 mg, piridoxina, 1.05 mg,",PIH:461,
4cddba70-c203-4a62-94ed-b4b97bef5ba7,,"SSA: Nafazolina, clorhidrato de de 1 mg/ml, solución oftálmica, envase con gotero integral con 15 ml. - gotero integral con 15 ml",CIEL:80384,
ffe89120-64fd-4232-ab27-74f64fd1153f,,"SSA: Naproxeno de 125 mg/ 5 ml, suspensión oral, envase con 100 ml. - envase con 100 ml",CIEL:80395,
25299a14-b890-4f9c-921e-9f8bd3b3922e,,"SSA: Naproxeno de 250 mg, tableta, envase con 30 tabletas. - 30 tabletas",CIEL:80395,
2de3f152-4043-498d-b5a4-49866c5e8a8b,,"SSA: Neomicina, sulfato de, polimixina b, sulfato de y gramicidina de 1.75 mg/5 000 u/25 µg/ml., solución oftálmica, envase con gotero integral con 15 ml. - gotero i",CIEL:80514,
18a463c9-da44-45dc-88c0-fb884a1d411c,,"SSA: Nifedipino de 10 mg, cápsula de gelatina blanda, envase con 20 cápsulas. - 20 cápsulas",PIH:250,
e13a6879-8b9e-4c2f-830f-be9be2935820,,"SSA: Nifedipino de 30 mg, comprimido de liberación prolongada, envase con 30 comprimidos. - 30 comprimidos",PIH:250,
3977a10c-e201-4e41-b3f2-ca519ffaf6e8,,"SSA: Nistatina de 100 000 ui, óvulo o tableta vaginal, envase con 12 óvulos o tabletas. - 12 óvulos o tabletas vaginales",PIH:919,
dd80d72d-4e23-4d63-9ada-467359995b12,,"SSA: Nistatina de 2 400 000 ui / 24 ml, suspensión oral, envase para 24 ml. - envase para 24 ml",PIH:919,
55e95e85-b56e-45c2-979c-f5b58bc56275,,"SSA: Nistatina suspension oral 100,000 ui/ml. - envase",PIH:919,
0413dd5e-bf86-4790-bb04-81fea71d31ef,,"SSA: Nitazoxanida de 100 mg/5 ml, suspensión oral, envase con 30 ml. - envase con 30 ml",CIEL:80675,
f450997a-529a-4a06-8f82-99d7fffa55ab,,"SSA: Nitazoxanida de 200 mg, tableta, envase con 6 tabletas. - 6 tabletas",CIEL:80675,
f4a5f761-812f-4839-b6e1-61f084b32021,,"SSA: Nitrofural de 6 mg, óvulo, envase con 6 óvulos. - 6 óvulos",CIEL:80701,
334b5bd6-9adc-490b-a07d-cd36de6293f6,,"SSA: Nitrofurantoína de 100 mg, cápsula, envase con 40 cápsulas. - 40 cápsulas",CIEL:80696,
4c47a9c7-ed5f-472a-9a6d-86318a311056,,"SSA: Nitrofurantoína de 500 mg/100 ml, suspensión oral, envase con 120 ml (25 mg/5 ml). - envase con 120 ml",CIEL:80696,
1c641b4b-0ffc-48f3-84b8-3ec14990d6d9,,SSA: Nitrofurantoina suspension 25mg/5ml. - envase,CIEL:80696,
953f26a9-56a3-472e-9e16-68785aec6076,,"SSA: Norelgestromina y etinilestradiol de 6 mg/0.60 mg, parche, envase con 3 parches. - 3 parches",CIEL:104626,
71b396c8-ce9c-4a4a-a2fe-726c467f22b9,,"SSA: Óxido de zinc de 25. 0 g / 100 g, pasta, envase con 30 g. - envase con 30 g",PIH:4064,
4c726afb-fc82-4a1f-9f5d-c68558fb5b4c,,"SSA: Paracetamol de 100 mg / ml, solución oral, envase con 15 ml, gotero calibrado a 0.5 y 1 ml, integrado o adjunto al envase que sirve de tapa. - envase con gotero",PIH:89,
f1f95087-4d79-4c57-8242-98ead3cb46a7,,"SSA: Paracetamol de 100 mg, supositorio, envase con 10 supositorios. - 10 supositorios",PIH:89,
73013262-1792-4a97-af86-37bc363dd708,,"SSA: Paracetamol de 100 mg, supositorio, envase con 3 supositorios. - 3 supositorios",PIH:89,
7dc61a9e-d7f3-4a9f-81be-c802d73c16c9,,"SSA: Paracetamol de 100 mg, supositorio, envase con 6 supositorios. - 6 supositorios",PIH:89,
8e6af10e-00a4-43d8-b4ea-faa0f036e374,,"SSA: Paracetamol de 300 mg, supositorio, envase con 3 supositorios. - 3 supositorios",PIH:89,
98a08d23-2b73-48ad-836c-fa29f564ceec,,"SSA: Paracetamol de 500 mg, tableta, envase con 10 tabletas. - 10 tabletas",PIH:89,
52f2226a-4467-4df3-b279-8a8b76426a33,,"SSA: Paroxetina, clorhidrato de de 20 mg, tableta, envase con 10 tabletas. - 10 tabletas",CIEL:81604,
ac7e449f-34fd-4b2d-af4a-1df97fe8ec1c,,"SSA: Permetrina de 1 g/100 ml, solución, envase con 110 ml. - envase con 110 ml",CIEL:81834,
6de98ccd-da51-42e0-9444-33867350c9eb,,"SSA: Pirantel, pamoato de de 250 mg, tableta, envase con 6 tabletas. - 6 tabletas",CIEL:82898,
0cc913dd-542f-406c-b658-df3db5a16350,,"SSA: Pirazinamida de 500 mg, tableta, envase con 50 tabletas. - 50 tabletas",PIH:5829,
966cdfd4-4fa6-4b05-ab37-d53a361064e0,,"SSA: Piridoxina de 300 mg, tableta, envase con 10 tabletas. - 10 tabletas",CIEL:82912,
1d10a5ed-da06-46e4-9fb3-98fa74695932,,SSA: Piroxicam capsula o tableta 20 mg. - envase con 20 capsulas o tabletas.,CIEL:82163,
21094333-567f-4354-957a-384017887257,,"SSA: Plántago psyllium de 49.7 g/100 g, polvo, envase con 400 g. - envase con 400 g",CIEL:82862,
ad120b55-4924-4b32-8113-7b148fd15d11,,"SSA: Podofilina, resina de de 250 mg / ml, solución dérmica, envase con 5 ml. - envase con 5 ml",CIEL:82228,
0d4ec93e-798d-40b7-9a95-b87ac247a47f,,"SSA: Prazicuantel de 600 mg, tableta, envase con 25 tabletas. - 25 tabletas",CIEL:82416,
c904c451-0fbb-4341-a29d-eab7d5606c15,,"SSA: Prednisona (gt12) de 5 mg, tableta, envase con 20 tabletas - 20 tabletas",CIEL:82453,
e595fbc3-6dc8-4720-a78a-f36b53535ee3,,"SSA: Prednisona de 50 mg, tableta, envase con 20 tabletas. - 20 tabletas",CIEL:82453,
80d7a7d4-a744-4639-be4b-08f91481fb3d,,"SSA: Primaquina, fosfato de de 15 mg, tableta, envase con 20 tabletas. - 20 tabletas",CIEL:82521,
a0eb193d-87ff-432d-8451-28ab2072bd21,,"SSA: Primaquina, fosfato de de 5 mg, tableta, envase con 20 tabletas. - 20 tabletas",CIEL:82521,
cf01ee33-84c0-4bbb-a403-7b573dbb3619,,"SSA: Propranolol, clorhidrato de de 10 mg, tableta, envase con 30 tabletas. - 30 tabletas",CIEL:82734,
0d4ba129-ebc6-462a-b148-7a16769d27ab,,"SSA: Propranolol, clorhidrato de de 40 mg, tableta, envase con 30 tabletas. - 30 tabletas",CIEL:82734,
d18378ce-a889-4fc2-b936-8d425eb0f2b6,,SSA: Quinfamida tableta 300 mg - envase con 1 tableta,CIEL:83014,
b0029d51-aa4b-493c-9046-84c8d1cd7770,,"SSA: Ranitidina, clorhidrato de de 150 mg, gragea o tableta, envase con 20 grageas o tabletas. - 20 grageas o tabletas",PIH:923,
15bf9ef2-b281-4dd0-b85c-8780c28716e3,,"SSA: Ranitidina, clorhidrato de de 150 mg/10 ml, jarabe, envase con 200 ml. - envase 200 ml",PIH:923,
e019c3c1-7bb8-49c3-b3f4-01114cd6d385,,"SSA: Rifampicina de 100 mg / 5 ml, suspensión oral, envase con 120 ml y dosificador. - envase con 120 ml",CIEL:767,
00214bc3-6a5a-4971-b637-c13266e5616a,,"SSA: Rifampicina de 300 mg, cápsula, comprimido o tableta recubierta, envase con 1000 cápsulas, comprimidos o tabletas recubiertas. - 1 000 cápsulas o comprimidos o ",CIEL:767,
a131deab-b07b-4e99-9248-4f90eb39764a,,"SSA: Salbutamol ó sulfato de salbutamol de 2 mg/5 ml, jarabe, envase con 60 ml. - envase con 60 ml",PIH:798,
8a5e193e-eaa2-448f-b8f2-ee7656d0918b,,"SSA: Salbutamol ó sulfato de salbutamol de 20 mg, suspensión en aerosol, envase con inhalador con 200 dosis de 100 µg. - envase con inhalador con 200 dosis de100 mic",PIH:798,
f5fbd15b-ccd1-48d6-95c1-8e85f22d1d90,,"SSA: Senósidos a-b de concentrado de sen desecados 187 mg (normalizado a 8.6 mg), tableta, envase con 20 tabletas. - 20 tabletas",CIEL:83809,
e936dcdf-e81b-456c-bed1-4f96e3baeb2f,,"SSA: Senósidos a-b de concentrado de sen equivalente a 200 mg/100 ml, solución oral, envase con 75 ml. - envase con 75 ml",CIEL:83809,
fd4f024d-31f8-4412-858d-bd5f7a3a8b79,,"SSA: Sucedáneo de leche humana de término de kcal 509-528/100g, lípidos 25.80-28.90/100g, proteínas 9.50-12.0/100g, hidrato de carbono 55.20-57.90/100g, polvo, envas",CIEL:5254,
2c2d9809-f8d0-4ad6-8d58-d46c2de49f5b,,"SSA: Sulfacetamida sódica de 0.1 g/ml, solución oftálmica, envase con gotero integral con 15 ml. - gotero integral con 15 ml",CIEL:84454,
47387951-658e-4fed-823b-dedbed1263d2,,"SSA: Sulfato ferroso desecado de cada tableta contiene: sulfato ferroso desecado aproximadamente 200 mg equivalente a 60.27 mg de hierro elemental, tableta, envase c",CIEL:76342,
2a2c13d3-bc88-40fd-ae58-b41f987ff22f,,"SSA: Sulfato ferroso heptahidratado de 125 mg / ml, equivalente a 25 mg/ml de hierro elemental, solución, envase gotero con 15 ml. - envase gotero con 15 ml",PIH:256,
abe21a9d-e871-4bf3-b6a4-060a48510e5d,,"SSA: Telmisartán - hidroclorotiazida de 80.0 mg/12.5 mg, tableta, envase con 14 tabletas. - envase con 14 tabletas.",CIEL:104843,
218f2c60-3613-4a90-a5db-a3476e52e306,,"SSA: Teofilina anhidra de 100 mg., comprimido ó tableta o cápsula de liberación prolongada, envase con 20 comprimidos o tabletas o cápsulas de liberación prolongada.",CIEL:84950,
a192e1db-e237-4f90-8f85-5157474662b9,,"SSA: Teofilina anhidra de 533 mg/100 ml, elíxir, envase con 450 ml y dosificador. - envase con 450 ml",CIEL:84950,
a63d7e79-3b0c-46ee-ab33-aef0f75dbfc0,,"SSA: Terbutalina, sulfato de de 5 mg, tableta, envase con 20 tabletas. - 20 tabletas",CIEL:84826,
e59d3e18-403e-426e-ad18-2cbbf9099028,,"SSA: Tetraciclina, clorhidrato de de 250 mg, tableta o cápsula, envase con 10 tabletas o cápsulas. - 10 tabletas o cápsulas",CIEL:84893,
9780f15c-dc4d-4ba5-a4c3-4d06c42dc053,,"SSA: Tiotropio monohidratado, bromuro de de 18 µg, cápsula, envase con 30 cápsulas (repuesto). - envase con 30 cápsulas (repuesto).",CIEL:85157,
e2b1243b-6754-4fed-8d50-ba083c492663,TRUE,"CES: Tiotropio 0.226 mg/ 1ml aerosol - Frasco con 30 Dosis",CIEL:85157,
c4e83360-9a5f-4642-9ab9-f5d2311e9fc9,,"SSA: Tiotropio monohidratado, bromuro de de 18 µg, cápsula, envase con 30 cápsulas y dispositivo inhalador. - envase con 30 cápsulas y dispositivo inhalador.",CIEL:85157,
e198149f-4507-4f94-a33d-ecc85392d00a,,"SSA: Trimetoprima - sulfametoxazol de 40 mg/200 mg/5 ml, suspensión oral, envase con 120 ml y dosificador. - envase con 120 ml",CIEL:105281,
1c66049e-0ab0-4c43-9c09-5bc4ab0a955a,,"SSA: Trimetoprima - sulfametoxazol de 80 mg/400 mg, comprimido o tableta, envase con 20 comprimidos o tabletas. - 20 tabletas o comprimidos",CIEL:105281,
2f8abbb6-97f1-415b-b2ed-5b9403dc6f72,,"SSA: Trinitrato de glicerilo de 0.8 mg, cápsula o tableta masticable, envase con 24 cápsulas o tabletas masticables. - 24 cápsulas o tabletas",CIEL:80704,
3c5041d3-87cb-4b7c-8780-3ffae18d80b0,,"SSA: Valproato semisódico (ácido valproico) de 500 mg, tableta de liberación prolongada, envase con 30 tabletas de liberación prolongada. - 30 tabletas",CIEL:84114,
23caf27e-5ae8-4b97-94c3-75478c9fbd91,,SSA: Vitamina e gragea o cápsula de gelatina 400 mg - envase con 99 ó 100 grageas o capsulas,CIEL:86347,
05357cf0-092f-4757-a6ab-53a16540b8ed,,"SSA: Vitaminas (polivitaminas) y minerales de vitamina b1, b2, b6, b12, niacinamida, e, a, d3, ácido pantoténico, sulfato ferroso, cobre, magnesio, zinc, tableta, cá",PIH:461,
cc486abb-8e22-47ef-b94c-38b61ede9a47,,"SSA: Vitaminas a, c y d de palmitato de retinol 7000 a 9000 ui, ácido ascórbico 80 a 125 mg, colecalciferol 1400 a 1800 ui/ml., solución, envase con 15 ml. - envase ",PIH:461,
72e5bc59-6d8a-4022-a8c3-06bc1d9ee430,,SSA: Zinc y fenilefrina solución oftálmica 2.5 mg/1.2 mg/ ml - envase con gotero integral con 15 ml.,CIEL:105169,
33b1a87f-90c1-4948-8d18-7554a2bf93b5,TRUE,CES: Acido acetilsalicilico 300mg - 20 tabletas eff,PIH:88,
f44edc7e-b014-494c-b888-7fea887becbb,TRUE,CES: Acido acetilsalicilico 500mg - tabletas,PIH:88,
bfd96a61-3f1f-408a-829e-ba0efa015ed6,TRUE,CES: Acido de fluocinolona crema 0.01g/100g - 30g,CIEL:73636,
ae45d4c8-8880-4af4-af16-ece3616dae4f,TRUE,CES: Acido folico 0.4mcg - 90 tabletas,CIEL:76613,
ed9c41c8-93e9-42b4-bf6d-1e3e79293120,TRUE,CES: Acido retinoico 0.05g - 30g,CIEL:85330,
42fbd4f6-2878-4aa1-b611-ea1c7d47da88,TRUE,CES: Alcaftadina oftalmica **especial**,PIH:12252,
bc76143c-f80e-4167-b120-d68aa38dc38b,TRUE,CES: Alcohol polivinilico oftalmico - 10ml,CIEL:82315,
5b7aa733-c214-437d-82ec-afb1c64a3fec,TRUE,CES: Atenolol / clortalidona - tableta - 50 mg / 12.5 mg,PIH:3186,
e323ea03-4d14-48de-b706-6569dec1a864,TRUE,CES:  Atropina inyectable 1 mg/ml - 1 ampolla **especial**,CIEL:71681,
22bd5687-c380-40f2-9cd8-d48c71a536a3,TRUE,CES: Atropina oftalmica **especial**,CIEL:71681,
aa63628e-003c-46ef-85b4-a8203bf0d74e,TRUE,CES: Azatioprina 50mg **especial**,CIEL:71767,
40127aa5-07a0-4701-9aa5-65f612f00148,TRUE,CES: Bencilpenicilina procainica y cristalina inyectable 400 000 ui - 2ml,PIH:4034,
cbabecca-1185-4fe2-8995-d40d24a41099,TRUE,CES: Benzoato de bencilo solucion corporal,PIH:409,
554b2255-f919-4f94-9091-36cd91816dce,TRUE,CES: Betametasona inyectable 4mg/ml - 2ml,CIEL:72120,
2868b9ba-4653-4435-9c44-d94223ceaff0,TRUE,CES: Bicalutamida 50 mg **especial**,CIEL:72164,
46436c20-3fe8-4a08-b1bf-d6f37d10be62,TRUE,CES: Biperideno 1 mg 6 30 tabletas,CIEL:72217,
27345b11-cb97-4ca2-b67e-19491b69dd4b,TRUE,CES: Bisoprolol 2.5mg - tabletas **especial**,CIEL:72247,
5db05e6b-1c82-4ef5-ab0f-20d26d5124d6,TRUE,CES: Bromocriptina - tableta - 2.5mg **especial**,CIEL:72411,
d97e9289-551d-4aaf-b5b1-99bfe49531aa,TRUE,"CES: Buproenorfina inyectable 0,3mg/ml",CIEL:72510,
034aa4c2-4593-4f81-87a5-cf4aca08afe8,TRUE,CES: Butilhiocina 20mg/ml - 3 ampollas de 1ml,CIEL:431,
91e68dc4-1db8-4190-b54b-60c15f44827f,TRUE,CES: Carbamazepina suspension 2g/100 ml - 100 o 120ml,PIH:920,
8fde6ca2-e363-41de-8c80-458c91613a00,TRUE,CES: Carbetocina inyectable 100 mcg - 1 ampolla,PIH:12253,
ca4a245e-bec5-4507-ae4e-2dc0fb73131a,TRUE,CES: Carbidopa/levodopa 50/250mg - 100 capsulas **especial**,PIH:4049,
d776a8a0-3b97-469b-9966-ac2fc6c9ffbf,TRUE,CES: Celecoxib 200mg **especial**,CIEL:73048,
60406d46-393b-4d1c-9ef5-62d8b24a0113,TRUE,CES: Ciclosporina emulsion **especial**,CIEL:74125,
2aa8b6af-df9c-4f3e-887c-dc2d076131ed,TRUE,CES: Ciprofloxacina solucion otica - 10ml,PIH:740,
df52f13d-0c2f-46b5-a393-5675dc66c379,TRUE,CES: Citrato de potacio + citrato acido [uroclasio] - 150ml **especial**,PIH:12254,
46413ea5-f5a1-4205-bc28-6d2a1a50eabd,TRUE,CES: Clopidogrel - tableta - 75 mg,CIEL:73602,
48c8986f-68c1-4a70-ace4-3a773dd2af0b,TRUE,CES: Clorfenamina - tableta - 4 mg,CIEL:913,
75460ad6-a538-4504-bdf9-5cf172e4dd1a,TRUE,CES: Clorfenamina jarabe 0.5mg/ml - 120ml,CIEL:913,
0172ff47-c96b-4c28-8b68-ada10c5064fa,TRUE,CES: Clotrimazol - 12 ovulos,PIH:960,
9b4489ba-819b-4a19-a5df-7c8fecc5dc83,TRUE,CES: Complejo b (sin hierro),CIEL:78230,
a56f1d69-199c-4e14-bdb7-052a97da46fc,TRUE,CES: Cromoglicato - solución oftálmica - 20 mg/ml,CIEL:74044,
ec74b1ba-8e47-4ffe-9230-5f123b1d9c48,TRUE,CES: Danazol 100mg - capsulas **especial**,CIEL:74233,
b4f340b3-6230-4399-b49d-2ad689619624,TRUE,CES: Desogestrel y etinilestradiol 0.15mg/0.03mg - 21 tabletas,CIEL:104421,
cd8e33a2-63f8-4bc9-9813-b8c5218d44d8,TRUE,CES: Despensa nutrihuate **especial**,CIEL:165465,
c68f9805-5c86-44ac-94d9-7b7ef77e4e19,TRUE,CES: Despensa para embarazada,PIH:4063,
962ca1b8-bc3d-4ddf-8a5c-df2641f041a2,TRUE,CES: Dexametasona inyectable 4mg/ml - 2ml,CIEL:104425,
9adf8359-64ad-4c83-b9ad-16606aaad1cc,TRUE,CES: Dorzolamida/timolol oftalmica 20mg/5ml,CIEL:104546,
04a48ae6-f558-48e3-b879-75470ffbcfcc,TRUE,CES: Fenitoina suspencion 0.750g/100ml 150 ml,CIEL:82024,
53260564-52b5-4d8a-a811-f94f025d9ccb,TRUE,CES: Fentanil inyectable - 1 ampolla **especial**,CIEL:76272,
a8bac4a8-b099-49cc-a878-6039b72adb25,TRUE,CES: Formula enfamil sin lactosa para 6-12 meses **especial**,CIEL:5254,
492e0645-33e8-4811-9ea2-a8381927b738,TRUE,CES: Formula lactea etapa 3 **especial**,CIEL:5254,
ba5031c8-c78d-4435-956f-ce9b3fc403cb,TRUE,CES: Formula lactea para nino mayor de 6 meses **especial**,CIEL:5254,
5ac8b6d5-277b-41c3-b202-a9e7be943483,TRUE,CES: Formula lactea para nino menor de 6 meses **especial**,CIEL:5254,
b809b984-9360-4b44-b08f-abfc8a243519,TRUE,CES: Formula lactea para prematuro **especial**,CIEL:5254,
b1ee68b1-8075-488c-b288-b3d38d0c77a0,TRUE,CES: Formula magistral **especial** (precisar cual en comentario),PIH:12210,
f8571070-a0d9-48b9-8aad-d6e172f096d0,TRUE,CES: Gluconato de calcio inyectable 10% - 1 ampolla,PIH:4035,
387843b4-3536-4705-af76-34443e5dab6b,TRUE,CES: Hidralazina inyectable 20mg/ml - 5 ampollas,CIEL:77675,
5cadd78d-136d-4e7b-aedd-b33f43e3d89c,TRUE,CES: Hidroxicarbamida 500mg capsulas [hydrea] **especial**,CIEL:77795,
beaa9884-3cf5-47e3-a38f-2dde1d48023d,TRUE,CES: Hidroxicloroquina 200mg tabletas **especial**,CIEL:77784,
b2311114-eed2-4c66-aea7-a3658e8c1dd0,TRUE,CES: Implante anticonceptivo - 1 unidad,CIEL:1873,
3a43808c-c0a0-46df-bbfa-d5e266f3d156,TRUE,CES: Insulina mixta - 1 pluma,CIEL:78064,
0c738efb-fe9a-4baf-9466-d36bac1504ad,TRUE,CES: Insulna glargina - 1 recarga,CIEL:78064,
07f71a04-0a5c-4443-a405-6aca49d5a559,TRUE,CES: Ketoconazol 2% - 100g,PIH:926,
bdf95969-cd6b-41bc-85c3-5b4cd1f57ea1,TRUE,CES: Ketoconazol 2% - 30g,PIH:926,
6800843c-4f49-41a8-b944-697b5049819d,TRUE,CES: Ketorolaco inyectable 30mg/ml - 3 ampollas,CIEL:78482,
6d369dac-8957-4a6c-b5da-a34d04280be9,TRUE,CES: L-ornitina + l-aspartato 3g - granulados [hepa merz] **especial**,PIH:12256,
e9e2c0d3-4a42-4191-82ee-0972d35aa5ed,TRUE,CES: Lacosamida 100mg tabletas **especial**,CIEL:160268,
90fbdbd1-1e2e-46b3-84a9-f827bb83df47,TRUE,"CES: Latanoprost solucion 0.05mg/ml 2,5ml",CIEL:78677,
8d24e503-e494-4a22-834a-55cee7a684e2,TRUE,CES: Levetiracetam suspencion [keppra] **especial**,CIEL:78770,
f85c352d-7660-4a95-96a7-c3eafa9e10dd,TRUE,CES: Levetiracetam tabletas 500mg **especial**,CIEL:78770,
829f3c09-9aaf-49f1-87d2-e419b6ab0871,TRUE,CES: Loperamida - tableta - 2 mg,PIH:429,
0c029dba-062b-4808-9746-8e9a75f61d8f,TRUE,CES: Loratadina sol. pediátrica,CIEL:79053,
ff782ef6-6d2a-4af9-be55-291576fa1548,TRUE,CES: Medroxyprogesterona inyectable 150mg - 1 ampolla,CIEL:82624,
cca32aad-e77f-4b17-b242-aa5fe10f4d9f,TRUE,CES: Mesalazina 500mg tabletas **especial**,CIEL:79616,
7d3d46c1-9815-4cda-a288-d3f6a3bbd5fc,TRUE,CES: Mesalazina supositorios 250mg **especial**,CIEL:79616,
cf2de2ff-e958-4d1b-925a-ab24d5f5e86a,TRUE,CES: Mesalazina supositorios 500mg **especial**,CIEL:79616,
b22b4c4e-60ca-42f5-92b0-5a38912cd718,TRUE,CES: Metamizol inyectable 1g - 3 ampollas,CIEL:73008,
9a585e90-da7b-4293-82f7-04bdfae1fa85,TRUE,CES: Metoclopramida - tableta - 10 mg,CIEL:79757,
2c3c5443-404b-4024-8fc3-962e366ed467,TRUE,CES: Mometasona intranasal,CIEL:80049,
eb5c3590-1564-4fd4-9b16-5a856764baaa,TRUE,CES: Montelukast 4mg - tabletas masticables,CIEL:80092,
170bd00c-db7d-49e1-a9a2-c450322b9a2f,TRUE,CES: Morfina 30mg - 100 pastillas **especial**,CIEL:80106,
61a53ff7-0628-4b81-974e-a61955d51a4c,TRUE,CES: Nebivolol 5mg tabletas **especial**,CIEL:80470,
271f1daa-1c1f-43f7-bd4b-f07c13977489,TRUE,CES: Nifedipino 10 mg tabletas,PIH:250,
11c18bfe-1e7c-48ec-b0bc-c2cf47b43a2c,TRUE,CES: Nimesulida jarabe **especial**,CIEL:80665,
39bcbff4-0a05-40bd-a93e-beceb687a0f2,TRUE,CES: Nimesulida tabletas,CIEL:80665,
b6c828d7-3732-4b68-a550-1d1bb81dc981,TRUE,CES: Nitazoxanida suspencion 100mg/5ml - 30ml,CIEL:80675,
cbee9c5d-d530-4a8c-8870-7e95bf05079f,TRUE,CES: Nitazoxanida suspencion 100mg/5ml - 60ml,CIEL:80675,
294f8304-12ac-4e0f-895b-0f0c62211d9f,TRUE,CES: Nitroglicerina 5mg tabletas sublinguas **especial**,CIEL:80704,
a2833aa8-3017-4b72-9d50-c8b9951bad46,TRUE,CES: Olopatadina oftalmica **especial**,CIEL:81031,
f9a8167c-60c8-4b8e-957f-ff4acdaaf63e,TRUE,CES: Paracetamol jarabe 3.2g/100 ml - 120 ml,PIH:89,
7883a4b7-1090-4d2c-b13c-8a17f595e2ae,TRUE,CES: Paracetamol/cafeína 500mg/50mg - tabletas,PIH:89,
898ba74a-f9b1-4b00-8bdc-396fb485dfdf,TRUE,CES: Paracetamol/fenilefrina/clorfenamina 325 mg/5 mg/2 mg - tabletas,CIEL:913,
a88f9c47-2e78-47ed-8440-e04e74216199,TRUE,CES: Paracetamol/metocarbamol 350mg/400mg - tabletas,PIH:89,
53100882-9b1c-463f-9226-4ec059bc2d0d,TRUE,CES: Pentoxifillina 400mg tabletas,CIEL:81765,
38760ac9-e9df-4e72-a5a9-bb2a29b3e446,TRUE,CES: Pravastatina - tableta - 10 mg,CIEL:82411,
8178ba95-f0a4-4689-b782-10f29130ddcb,TRUE,CES: Prednisolona oftalmica **especial**,PIH:765,
c129a69b-ce58-4021-b9fd-e9f46f70461b,TRUE,CES: Prometazina **especial**,CIEL:82670,
064208d5-6dbd-4048-867c-f4ea2e342944,TRUE,CES: Propafenona tabletas **especial**,CIEL:82696,
a1bc1ab4-d0e8-4e15-af77-3a89fee9e0e2,,CES: Prueba de tipificacion sanguinea - 1 pieza,CIEL:165473,
1a10b298-119f-4d6e-a0c2-fe7804f96bd4,TRUE,CES: Psoriaderm **especial**,CIEL:165472,
78cc5813-183a-4c4a-9f29-887daaaa8b34,TRUE,CES: Ranitidina 150mg 20 tabletas,PIH:923,
7aa095ab-8083-47b9-bd1d-0fe907935e99,TRUE,CES: Rifaximina 200mg tabletas **especial**,CIEL:83362,
b06a3dea-f761-4850-a40d-101f307be922,TRUE,CES: Salbutamol aerosol 100mcg - 200 dosis,PIH:798,
b6f22fee-562a-4d2d-9aa9-ab1c0b7a0152,TRUE,CES: Salbutamol/bromuro de ipratropio solucion para nebulizar,PIH:12257,
e33a7015-5398-4ac8-93e2-b6a5a315ed87,TRUE,CES: Shampoo vin.quassia para piojos,CIEL:82983,
c12ca1aa-5ce0-40f3-ba2c-6398180b0908,TRUE,CES: Sildenafil tabletas **especial**,CIEL:83902,
950a9c0c-0c3e-4c52-ac85-118e0542fdbe,TRUE,CES: Simvastatina 10mg - tabletas,CIEL:83936,
ac3fdeaf-c736-4162-a16c-cc3b78c2ae8d,TRUE,CES: Sulfadiazina de plata crema 1g,PIH:938,
7c46d158-bd95-4644-95c4-920dd227a31b,TRUE,CES: Sulfazalacina 500mg tabletas **especial**,CIEL:84480,
cdf54234-42a7-4616-b915-03d597693c1e,TRUE,CES: Sumatriptán 100 mg tabletas,CIEL:84522,
60c5aed0-b5cb-4dc3-a2fb-bb94ad7f1d66,TRUE,CES: Telmisartán/hidroclorotiazida 80mg/12.5mg - tabletas,CIEL:104843,
83f5e6ac-9eda-4299-aace-a7f854a13923,TRUE,CES: Tolterodina tabletas **especial**,PIH:12259,
7ec0852e-0beb-49cf-b325-7fff31be54f4,TRUE,CES: Tramadol - capsulas - 100 mg,CIEL:85276,
3d735fd4-0c78-4c15-a166-979d366495d5,TRUE,CES: Tramadol inyectable 50mg/ml 5 ampollas de 2ml,CIEL:85276,
14d28196-61db-46ca-bf76-0b2f67448ccb,TRUE,CES: Valproato de magnesio suspension 200mg/ml,CIEL:79251,
76604add-8992-4d8d-a17b-42b1fc36c580,TRUE,CES: Vaselina - 60g,CIEL:81861,
e864bcd1-b735-48d2-a55a-74fc56bf5741,TRUE,CES: Zinc 0.38 g capsulas,PIH:4064,
c85de0c9-c50e-4e0b-b90a-0e440b607e26,TRUE,CES: Prueba de tipificacion sanguinea - 50 piezas,CIEL:165473,
47252c2d-5fc7-4373-a2a4-faca366f33d7,TRUE,CES: Minoxidil topico **especial**,CIEL:79948,
40663898-8804-4ac3-bc86-91a782462821,TRUE,CES: Loratadina 1mg/ml - gotas 30ml (pediatrico),CIEL:79053,
81d33222-b074-4029-843e-1cd2cb528a48,TRUE,CES: Tramadol 100mg - 10 tabletas,CIEL:85276,
ddb3e983-8302-47cd-85a4-7e3854a4c796,TRUE,CES: Nimesulida 100 mg - 10 tabletas,CIEL:80665,
69b38aa0-2de6-4892-8778-c8dfb96cacae,TRUE,CES: Tolterodina 2 mg - 28 tabletas **especial**,PIH:12259,
3b8e188d-e314-4ce7-a8c6-64749e099070,TRUE,CES: Dienogestrel 2 mg - 28 tabletas **especial**,CIEL:104421,
0aeef132-2659-4d33-aff2-a3327ce682df,TRUE,CES: Leche infantil Etapa 1 sin lactosa,CIEL:5254,
b716e144-e698-4f49-9d8c-ccc1a057bb9f,TRUE,CES: Leche infantil Etapa 3 sin lactosa,CIEL:5254,
27cf910c-184d-4ede-93a5-f35759d8545c,TRUE,CES: Systane up - oftalmico,CIEL:105187, 
320693d5-a5e0-4ad7-8ae6-e662ea8d2296,TRUE,CES: Entresto® (sacubitril/valsartan) 49 mg/51 mg - 28 tabletas,PIH:ENTRESTO,
30bc18b4-216c-4857-b3da-c225a6d4de4c,TRUE,CES: Pediasure - botella,PIH:PEDIASURE,
aad7d3d1-69eb-44fb-966a-10c9c3ae9c9b,TRUE,CES: Dexametasona/tobramicina oftalmica 3mg/ml,CIEL:104425,
e625c883-c078-4828-b0cc-09f61da7bb21,TRUE,CES: Melatonina tabletas 5mg,CIEL:79527,
58345447-e513-4c6d-85c8-ad2ebb697d54,TRUE,CES: Terbinafina 250 mg tabletas,CIEL:84825,
46436c20-3fe8-4a08-b1bf-d6f37d10be62,TRUE,CES: Biperideno 1 mg 6 30 tabletas,CIEL:72217,
96c8505f-181e-4fbd-8c26-322cc39a9ce5,TRUE,CES: Insulina rapida (lispro o aspart) - 1 pluma,CIEL:78064,
b381a0fb-5065-44b0-bc80-551a489b153f,TRUE,CES: Pantoprazol 20mg - 14 tabletas,CIEL:81550,
b9d505a7-1409-4364-9f69-ffd5d5822c6d,,CES: Escitalopram 10 mg - 14 tabletas,CIEL:73461,
1ed67d48-5074-46be-95a4-1f75d09771c7,TRUE,CES: Calcio 600 + Vitamina D (CALTRATE®) **especial**,CIEL:72660,
246d2bcc-449f-41a1-8729-07e571dd81c6,TRUE,CES: Aripiprazol 15 mg - 20 tabletas **especial**,CIEL:71533,
bac1e34c-02c4-42a0-850d-d2713491c92c,TRUE,CES: Leche infantil Etapa 1 - 400g,CIEL:5254,
efe34490-ec27-42f2-b7e6-4b8ca79d8fce,TRUE,CES: Leche infantil Etapa 2 sin lactosa - 400g,CIEL:5254,
d6acc96a-0581-477b-8d8f-f27af126e463,,CES: Lidocaina 10mg/ml inyectable - 1 Ampula,CIEL:78849,
9da48032-8402-465a-a13a-6e3fb6194d6e,,CES: Podofilina 25% - 1 frasco con 5 ml,CIEL:82228,
7deefc7f-0ccb-4d01-9682-c853e1173617,TRUE,CES: Timolol/brimonidina - oftalmico,CIEL:104546,
b2051295-d6f7-48be-a7dd-1e3d963dc770,TRUE,CES: Timolol/brimonidina 6.8g /2g oftalmico - Frasco con 5 ml,CIEL:104546,
34b98ff5-6da8-4237-b5d3-c47b23f8c419,,CES: Tramadol 50mg - 10 tabletas,CIEL:85276,
a9cf4a51-30c2-4444-a737-be5665a5642c,TRUE,CES: Multivitaminico para embarazadas - 180 tabletas,CIEL:162319,
9cb36e63-0904-4e3b-bc5a-9c5c4987895b,TRUE,CES: Multivitaminico para embarazadas - 30 tabletas,CIEL:162319,
90369966-65a8-433d-8daf-791faf0593db,,CES: Mifepristona 200mg - 1 tableta **controlado**,CIEL:79872,
99e62246-b686-4009-b35b-7b173fb20e81,,CES: Fosfomicina 500mg- 12 Capsulas,CIEL:76664,
1d0c4308-27f5-4a4d-ba80-c708b77b261d,TRUE,CES: Diosmina 600mg - 26 tabletas,CIEL:74995,
180fc693-52e3-41ec-a44e-315b1b2de6bf,,CES: Calcio 500mg - 12 tabletas Efervecentes,CIEL:72660,
d7a3e4e9-c118-485a-b52c-119fd9eb576d,TRUE,CES: Dexametasona 6mg - 20 tabletas,CIEL:74609,
df80b694-9927-4162-b361-c07d2752d2b5,,CES: Dinitrato de isosorbida 1mg/ml - inyectable,PIH:3428,
3c955cfe-f443-4e84-b4b4-d9ee0231751d,TRUE,CES: Lidocaina 2% - 50 ml,CIEL:78849,
4f448f13-9082-4ca7-9ddb-2dd639f35855,TRUE,CES: Lidocaina 20mg/ml inyectable - 1 Ampula,CIEL:78849,
b139ee16-534f-4cb1-8ab8-8774ae9b1beb,,CES: Dexlansoprazol 60 mg - 14 tabletas,PIH:13688,
38e05384-eb88-4612-89bc-8e4b45cf2558,,CES: Leflunomida 20mg - 30 tabletas,CIEL:78718,
43fecea3-baf5-49f9-a988-721bdba291a8,,"Agujas de pluma de insulina - 1 caja",PIH:20869,
36b141b3-b761-48a8-9596-982de6aa2ce5,,"Bolsa de orina - 1 pieza",CIEL:162395,
802f8610-c1ae-4d8d-a68c-6fef435055da,,"Bolsa para colostomia - 1 pieza",CIEL:162395,
51bdf28e-4991-4a41-86d8-e4aa7cf3a4c7,,"Canula nasal adulto (puntillas nasales)",PIH:20866,
73703712-7196-4f73-97a4-9734a939d256,,"Canula nasal neonato (puntillas nasales)",PIH:20866,
763a1bba-9658-467a-9c4f-e0d98d34819d,,"Canula nasal pediatrico (puntillas nasales)",PIH:20866,
07f70d4d-231f-4f9d-9563-c161ea3e69fb,,"Gasas esteriles 10x10 - 1 paquete con 100 unidades",PIH:20868,
d912f788-9d32-4a99-8882-8ddb1ea5c5a8,,"Gasas no esteriles - 1 paquete con 100 unidades",PIH:20868,
337883b7-fa16-422c-ab69-66db56773ee9,,"Jeringa 1 ml 27g x 32 mm graduada por UI (para insulina) - 1 caja",CIEL:166863,
21c37a08-02bd-401c-8e7e-5593f3e5edd0,,"Sonda Foley 12 F latex - 1 pieza",PIH:20870,
86e40a5c-955c-4d47-bdc3-413e4368f596,,"Sonda Foley 14 F latex - 1 pieza",PIH:20870,
617fb890-f5af-4417-a566-b471ee6e51cb,,"Sonda Foley 18 F latex - 1 pieza",PIH:20870,
972127e8-b710-4b6e-9126-af3a1d77e509,,"Guantes no esteriles chico - 1 caja",PIH:20871,
8279221f-c90e-49cd-bb8e-ea52fb5cd59d,,"Guantes no esteriles grande - 1 caja",PIH:20871,
a78a226e-7493-46ae-afc9-6c1278442bd7,,"Guantes no esteriles mediano - 1 caja",PIH:20871,
984671e3-83c6-4f17-8b3d-867f85087808,,"Sonda nasogastrica 12 F - 1 pieza",PIH:20872,
4dd87180-f73c-4b82-8f1b-e1760ad93434,,"Sonda nasogastrica 14 F - 1 pieza",PIH:20872,
cc959333-20af-4de8-94c8-3e7f41305a10,,"Sonda nasogastrica 14 F - 1 pieza",PIH:20872,
99a96f05-079e-4f1a-83f2-a51b1915066b,,"Amikacina 100mg/ 2ml inyectable - 1 Ampula",CIEL:71060,
7e50c166-5452-46ce-919b-676661da0075,,"Beclometasona/Formoterol 100ug/6ug aerosol - 1 frasco con 120 dosis",PIH:20857,
de936536-8cb2-4755-af8f-2ddb1ef5a521,,"Brimonidina/timolol 0.2%/0.5% - oftalmico",CIEL:103930,
a7d2a961-2620-43a9-935a-930579dc6716,,"Bumetanida (Miccil) 1 mg - 20 tabletas",CIEL:72497,
1f765496-7177-445e-afb3-ee7baec26559,,"Calcitriol 0.25 mcg - 30 tabletas",CIEL:72649,
ae4e4b82-5bb7-4bee-b31b-0300b951c6d7,,"Canagliflozina/Metformina 150mg/1000mg - 60 tabletas",CIEL:167912,
fde1589d-04bd-42d4-bb81-dcc94bcd1656,,"Clonazepam 2mg - 40 tabletas **controlado**",CIEL:73596,
28e3d612-d96f-47d0-b827-147416d96550,,"Dapagliflozina 10mg - 30 tabletas",CIEL:167938,
5b0d457b-8e11-4827-880c-561afb280b73,,"Duloxetina 30mg - 30 tabletas",CIEL:75300,
fccbc608-198f-4aa4-a617-22584405c6b6,,"Epinefrina 1mg/ml - inyectable",CIEL:75744,
7b123b86-e8a3-439f-8e9e-da61ce8f38ff,,"Eritropoyetina 4000 UI - 1 jeringa",CIEL:75756,
2b14a857-2663-4d8f-bc42-8365e7276b6d,,"Haloperidol 2mg/ml - Suspension",CIEL:77335,
ec08a200-8ae6-40e5-bafc-39a892d83b0d,,"Insulina HUMALOG MIX 25 - 1 pluma",CIEL:78070
06dc6221-b47f-4cb9-8406-7ce6ddea0b4c,,"Insulina NPH - 1 frasco de 10 ml",CIEL:78068,
34c93ee3-9f0c-434c-92fb-9dfac53377e4,,"Irbesartan 300mg - 28 tabletas",CIEL:78210,
46578983-ba3e-4a78-83ab-2c074b4d241d,,"Lidocaina 20mg/mlinyectable - 1 Ampula",CIEL:78849,
a49cbf5a-87c5-4bc9-aa84-01acfaf706a4,,"Linagliptina 5mg - 30 tabletas",CIEL:165455,
470cccfb-32b6-4e9b-a5ae-a1ff0cb406a8,,"Oxcarbazepina 300mg - 20 tabletas",CIEL:81294,
87f7767f-e96f-4673-85ef-d0a30f9e761c,,"Pioglitazona 15mg - 14 tabletas",CIEL:82111,
214965bb-eb09-4ed5-9da8-888fdae31e48,,"Pioglitazona 30mg - 7 tabletas",CIEL:82111,
6e2dadd5-1c36-428c-9dce-fdf01af60665,,"Pregabalina 150 mg - 28 tabletas",CIEL:82464,
cf398eeb-e234-4ff2-801b-aba6d4b275e7,,"Pregabalina 75 mg - 28 tabletas",CIEL:82464,
2faa0869-51fa-4d88-9cb5-2b3dd292602d,,"Risperidona 1 mg/ml suspension - Frasco con 60 ml **especial**",CIEL:83405,