Concept,Member,Member Type,Sort Weight,Void/Retire,_order:50
México conjunto de diagnósticos de atención primaria,Abdomen agudo,CONCEPT-SET,1,,
México conjunto de diagnósticos de atención primaria,Aborto completo,CONCEPT-SET,2,,
México conjunto de diagnósticos de atención primaria,aborto con sepsis,CONCEPT-SET,3,,
México conjunto de diagnósticos de atención primaria,Aborto incompleto,CONCEPT-SET,4,,
México conjunto de diagnósticos de atención primaria,abrasión,CONCEPT-SET,5,,
México conjunto de diagnósticos de atención primaria,Abrasión corneal,CONCEPT-SET,6,,
México conjunto de diagnósticos de atención primaria,Absceso hepático excluyendo absceso amebiano del hígado,CONCEPT-SET,7,,
México conjunto de diagnósticos de atención primaria,Absceso periamigdalino,CONCEPT-SET,8,,
México conjunto de diagnósticos de atención primaria,Absceso perianal,CONCEPT-SET,9,,
México conjunto de diagnósticos de atención primaria,Absceso retrofaringeo y parafaringeo,CONCEPT-SET,10,,
México conjunto de diagnósticos de atención primaria,abuso sexual,CONCEPT-SET,11,,
México conjunto de diagnósticos de atención primaria,accidente cerebrovascular,CONCEPT-SET,12,,
México conjunto de diagnósticos de atención primaria,Accidente de tráfico,CONCEPT-SET,13,,
México conjunto de diagnósticos de atención primaria,Acné,CONCEPT-SET,14,,
México conjunto de diagnósticos de atención primaria,afonía,CONCEPT-SET,15,,
México conjunto de diagnósticos de atención primaria,Ahogamiento o sumersión accidental,CONCEPT-SET,16,,
México conjunto de diagnósticos de atención primaria,Alergia,CONCEPT-SET,17,,
México conjunto de diagnósticos de atención primaria,alopecia circunscripta,CONCEPT-SET,18,,
México conjunto de diagnósticos de atención primaria,alteración del ánimo,CONCEPT-SET,19,,
México conjunto de diagnósticos de atención primaria,Alteraciones del estado mental,CONCEPT-SET,20,,
México conjunto de diagnósticos de atención primaria,Amenaza de aborto,CONCEPT-SET,21,,
México conjunto de diagnósticos de atención primaria,Amenaza de parto prematuro,CONCEPT-SET,22,,
México conjunto de diagnósticos de atención primaria,amenorrea,CONCEPT-SET,23,,
México conjunto de diagnósticos de atención primaria,amigdalitis aguda,CONCEPT-SET,24,,
México conjunto de diagnósticos de atención primaria,Amputación,CONCEPT-SET,25,,
México conjunto de diagnósticos de atención primaria,Anafilaxia,CONCEPT-SET,26,,
México conjunto de diagnósticos de atención primaria,Anemia,CONCEPT-SET,27,,
México conjunto de diagnósticos de atención primaria,Anemia falciforme,CONCEPT-SET,28,,
México conjunto de diagnósticos de atención primaria,Anorexia,CONCEPT-SET,29,,
México conjunto de diagnósticos de atención primaria,Ansiedad,CONCEPT-SET,30,,
México conjunto de diagnósticos de atención primaria,Apendicitis aguda,CONCEPT-SET,31,,
México conjunto de diagnósticos de atención primaria,Artritis,CONCEPT-SET,32,,
México conjunto de diagnósticos de atención primaria,Artritis gonocócica,CONCEPT-SET,33,,
México conjunto de diagnósticos de atención primaria,Artritis juvenil,CONCEPT-SET,34,,
México conjunto de diagnósticos de atención primaria,Artritis piógena,CONCEPT-SET,35,,
México conjunto de diagnósticos de atención primaria,Artritis reumatoide,CONCEPT-SET,36,,
México conjunto de diagnósticos de atención primaria,artrosis de la rodilla,CONCEPT-SET,37,,
México conjunto de diagnósticos de atención primaria,Ascitis,CONCEPT-SET,38,,
México conjunto de diagnósticos de atención primaria,Asfixia perinatal,CONCEPT-SET,39,,
México conjunto de diagnósticos de atención primaria,Asma,CONCEPT-SET,40,,
México conjunto de diagnósticos de atención primaria,Astenia y adinamia,CONCEPT-SET,41,,
México conjunto de diagnósticos de atención primaria,ataque de pánico,CONCEPT-SET,42,,
México conjunto de diagnósticos de atención primaria,ataque isquémico transitorio,CONCEPT-SET,43,,
México conjunto de diagnósticos de atención primaria,Atencion paliativa,CONCEPT-SET,44,,
México conjunto de diagnósticos de atención primaria,Blefaritis,CONCEPT-SET,45,,
México conjunto de diagnósticos de atención primaria,Bocio,CONCEPT-SET,46,,
México conjunto de diagnósticos de atención primaria,Bordetella pertusis,CONCEPT-SET,47,,
México conjunto de diagnósticos de atención primaria,Bronquitis,CONCEPT-SET,48,,
México conjunto de diagnósticos de atención primaria,Bronquitis aguda,CONCEPT-SET,49,,
México conjunto de diagnósticos de atención primaria,bronquitis crónica,CONCEPT-SET,50,,
México conjunto de diagnósticos de atención primaria,Caida,CONCEPT-SET,51,,
México conjunto de diagnósticos de atención primaria,cálculo renal,CONCEPT-SET,52,,
México conjunto de diagnósticos de atención primaria,Candidiasis,CONCEPT-SET,53,,
México conjunto de diagnósticos de atención primaria,candidiasis de la piel,CONCEPT-SET,54,,
México conjunto de diagnósticos de atención primaria,Candidiasis de la vulva y de la vagina,CONCEPT-SET,55,,
México conjunto de diagnósticos de atención primaria,candidiasis del esófago,CONCEPT-SET,56,,
México conjunto de diagnósticos de atención primaria,candidiasis neonatal,CONCEPT-SET,57,,
México conjunto de diagnósticos de atención primaria,carbunco,CONCEPT-SET,58,,
México conjunto de diagnósticos de atención primaria,Cardiomiopatía dilatada,CONCEPT-SET,59,,
México conjunto de diagnósticos de atención primaria,cardiopatía isquémica,CONCEPT-SET,60,,
México conjunto de diagnósticos de atención primaria,Caries dentales,CONCEPT-SET,61,,
México conjunto de diagnósticos de atención primaria,catarata senil,CONCEPT-SET,62,,
México conjunto de diagnósticos de atención primaria,cefalea,CONCEPT-SET,63,,
México conjunto de diagnósticos de atención primaria,cefalohematoma fetal,CONCEPT-SET,64,,
México conjunto de diagnósticos de atención primaria,Celulitis,CONCEPT-SET,65,,
México conjunto de diagnósticos de atención primaria,Cervicitis,CONCEPT-SET,66,,
México conjunto de diagnósticos de atención primaria,Cetoacidosis diabética,CONCEPT-SET,67,,
México conjunto de diagnósticos de atención primaria,Chalazión,CONCEPT-SET,68,,
México conjunto de diagnósticos de atención primaria,Choque eléctrico,CONCEPT-SET,69,,
México conjunto de diagnósticos de atención primaria,cicatriz queloide de la piel,CONCEPT-SET,70,,
México conjunto de diagnósticos de atención primaria,Cifosis,CONCEPT-SET,71,,
México conjunto de diagnósticos de atención primaria,Cirrosis hepática,CONCEPT-SET,72,,
México conjunto de diagnósticos de atención primaria,Cisticercosis de sistema nervioso central ,CONCEPT-SET,73,,
México conjunto de diagnósticos de atención primaria,cistitis,CONCEPT-SET,74,,
México conjunto de diagnósticos de atención primaria,Cistocele,CONCEPT-SET,75,,
México conjunto de diagnósticos de atención primaria,Colecistitis,CONCEPT-SET,76,,
México conjunto de diagnósticos de atención primaria,Colelitiasis,CONCEPT-SET,77,,
México conjunto de diagnósticos de atención primaria,Cólera,CONCEPT-SET,78,,
México conjunto de diagnósticos de atención primaria,Condiloma,CONCEPT-SET,79,,
México conjunto de diagnósticos de atención primaria,conducta destructiva,CONCEPT-SET,80,,
México conjunto de diagnósticos de atención primaria,Conjuntivitis,CONCEPT-SET,81,,
México conjunto de diagnósticos de atención primaria,Conjuntivitis alérgica,CONCEPT-SET,82,,
México conjunto de diagnósticos de atención primaria,Conjuntivitis neonatal,CONCEPT-SET,83,,
México conjunto de diagnósticos de atención primaria,Conjuntivitis viral,CONCEPT-SET,84,,
México conjunto de diagnósticos de atención primaria,contacto de tuberculosis,CONCEPT-SET,85,,
México conjunto de diagnósticos de atención primaria,Control del niño sano menos de 28 días de vida extrauterina,CONCEPT-SET,86,,
México conjunto de diagnósticos de atención primaria,Control del niño sano menos de 8 días de vida extrauterina,CONCEPT-SET,87,,
México conjunto de diagnósticos de atención primaria,Contusión,CONCEPT-SET,88,,
México conjunto de diagnósticos de atención primaria,contusión superficial,CONCEPT-SET,89,,
México conjunto de diagnósticos de atención primaria,convulsiones en el recién nacido,CONCEPT-SET,90,,
México conjunto de diagnósticos de atención primaria,Convulsiones focales,CONCEPT-SET,91,,
México conjunto de diagnósticos de atención primaria,Convulsiones generalizadas,CONCEPT-SET,92,,
México conjunto de diagnósticos de atención primaria,Crisis hipertensiva,CONCEPT-SET,93,,
México conjunto de diagnósticos de atención primaria,cuerpo extraño en el oído,CONCEPT-SET,94,,
México conjunto de diagnósticos de atención primaria,Cuerpo extraño en tracto digestivo,CONCEPT-SET,95,,
México conjunto de diagnósticos de atención primaria,Cuerpo extraño en tracto genitourinario,CONCEPT-SET,96,,
México conjunto de diagnósticos de atención primaria,Cuerpo extraño en tracto respiratorio,CONCEPT-SET,97,,
México conjunto de diagnósticos de atención primaria,Cuerpo extraño residual en tejido blando,CONCEPT-SET,98,,
México conjunto de diagnósticos de atención primaria,cuerpo extraño retenido en el ojo,CONCEPT-SET,99,,
México conjunto de diagnósticos de atención primaria,Defecto atrial septal,CONCEPT-SET,100,,
México conjunto de diagnósticos de atención primaria,Defecto ventricular septal,CONCEPT-SET,101,,
México conjunto de diagnósticos de atención primaria,Delirium,CONCEPT-SET,102,,
México conjunto de diagnósticos de atención primaria,Demencia ,CONCEPT-SET,103,,
México conjunto de diagnósticos de atención primaria,Dengue,CONCEPT-SET,104,,
México conjunto de diagnósticos de atención primaria,Depresion,CONCEPT-SET,105,,
México conjunto de diagnósticos de atención primaria,Dermatitis,CONCEPT-SET,106,,
México conjunto de diagnósticos de atención primaria,dermatitis atópica,CONCEPT-SET,107,,
México conjunto de diagnósticos de atención primaria,Dermatitis de contacto,CONCEPT-SET,108,,
México conjunto de diagnósticos de atención primaria,Dermatitis seborréica,CONCEPT-SET,109,,
México conjunto de diagnósticos de atención primaria,Dermatopoliomiositis,CONCEPT-SET,110,,
México conjunto de diagnósticos de atención primaria,Derrame artricular,CONCEPT-SET,111,,
México conjunto de diagnósticos de atención primaria,Derrame pleural,CONCEPT-SET,112,,
México conjunto de diagnósticos de atención primaria,Descarga uretral,CONCEPT-SET,113,,
México conjunto de diagnósticos de atención primaria,Desgarro de menisco,CONCEPT-SET,114,,
México conjunto de diagnósticos de atención primaria,deshidratación,CONCEPT-SET,115,,
México conjunto de diagnósticos de atención primaria,Deshidratación moderada,CONCEPT-SET,116,,
México conjunto de diagnósticos de atención primaria,Deshidratación severa,CONCEPT-SET,117,,
México conjunto de diagnósticos de atención primaria,Desnutrición moderada,CONCEPT-SET,118,,
México conjunto de diagnósticos de atención primaria,Desnutrición severa,CONCEPT-SET,119,,
México conjunto de diagnósticos de atención primaria,desprendimiento placentario,CONCEPT-SET,120,,
México conjunto de diagnósticos de atención primaria,Diabetes gestacional,CONCEPT-SET,121,,
México conjunto de diagnósticos de atención primaria,diabetes mellitus dependiente de insulina,CONCEPT-SET,122,,
México conjunto de diagnósticos de atención primaria,diabetes mellitus no dependiente de insulina,CONCEPT-SET,123,,
México conjunto de diagnósticos de atención primaria,Diabetes mellitus preexistente en el embarazo,CONCEPT-SET,124,,
México conjunto de diagnósticos de atención primaria,Diarrea ,CONCEPT-SET,125,,
México conjunto de diagnósticos de atención primaria,Diarrea aguda,CONCEPT-SET,126,,
México conjunto de diagnósticos de atención primaria,Diarrea con sangre,CONCEPT-SET,127,,
México conjunto de diagnósticos de atención primaria,diarrea crónica de causa desconocida,CONCEPT-SET,128,,
México conjunto de diagnósticos de atención primaria,Diarrea por parásitos,CONCEPT-SET,129,,
México conjunto de diagnósticos de atención primaria,Diarrea viral,CONCEPT-SET,130,,
México conjunto de diagnósticos de atención primaria,Dientes supernumerarios,CONCEPT-SET,131,,
México conjunto de diagnósticos de atención primaria,dificultad para dormir,CONCEPT-SET,132,,
México conjunto de diagnósticos de atención primaria,difteria,CONCEPT-SET,133,,
México conjunto de diagnósticos de atención primaria,disartria,CONCEPT-SET,134,,
México conjunto de diagnósticos de atención primaria,discapacidad para caminar,CONCEPT-SET,135,,
México conjunto de diagnósticos de atención primaria,disestesia,CONCEPT-SET,136,,
México conjunto de diagnósticos de atención primaria,disfagia,CONCEPT-SET,137,,
México conjunto de diagnósticos de atención primaria,Dislocación congénita bilateral de cadera,CONCEPT-SET,138,,
México conjunto de diagnósticos de atención primaria,Dislocación congénita unilateral de cadera,CONCEPT-SET,139,,
México conjunto de diagnósticos de atención primaria,Dislocación de hombro,CONCEPT-SET,140,,
México conjunto de diagnósticos de atención primaria,Dislocación de mandíbula,CONCEPT-SET,141,,
México conjunto de diagnósticos de atención primaria,Dislocación del codo,CONCEPT-SET,142,,
México conjunto de diagnósticos de atención primaria,Dismenorrea,CONCEPT-SET,143,,
México conjunto de diagnósticos de atención primaria,disnea,CONCEPT-SET,144,,
México conjunto de diagnósticos de atención primaria,Dispepsia,CONCEPT-SET,145,,
México conjunto de diagnósticos de atención primaria,Displasia cervical,CONCEPT-SET,146,,
México conjunto de diagnósticos de atención primaria,displasia mamaria benigna,CONCEPT-SET,147,,
México conjunto de diagnósticos de atención primaria,Disuria,CONCEPT-SET,148,,
México conjunto de diagnósticos de atención primaria,Diverticulitis o enfermedad diverticular,CONCEPT-SET,149,,
México conjunto de diagnósticos de atención primaria,Dolor,CONCEPT-SET,150,,
México conjunto de diagnósticos de atención primaria,Dolor abdominal,CONCEPT-SET,151,,
México conjunto de diagnósticos de atención primaria,Dolor articular,CONCEPT-SET,152,,
México conjunto de diagnósticos de atención primaria,Dolor en espalda baja o lumbalgia,CONCEPT-SET,153,,
México conjunto de diagnósticos de atención primaria,dolor epigástrico,CONCEPT-SET,154,,
México conjunto de diagnósticos de atención primaria,Dolor muscular,CONCEPT-SET,155,,
México conjunto de diagnósticos de atención primaria,dolor pélvico y perineal,CONCEPT-SET,156,,
México conjunto de diagnósticos de atención primaria,Dolor torácico,CONCEPT-SET,157,,
México conjunto de diagnósticos de atención primaria,Eccema,CONCEPT-SET,158,,
México conjunto de diagnósticos de atención primaria,Eclampsia,CONCEPT-SET,159,,
México conjunto de diagnósticos de atención primaria,Edema,CONCEPT-SET,160,,
México conjunto de diagnósticos de atención primaria,Edema pulmonar,CONCEPT-SET,161,,
México conjunto de diagnósticos de atención primaria,embarazo de alto riesgo,CONCEPT-SET,162,,
México conjunto de diagnósticos de atención primaria,Embarazo ectópico,CONCEPT-SET,163,,
México conjunto de diagnósticos de atención primaria,embarazo múltiple,CONCEPT-SET,164,,
México conjunto de diagnósticos de atención primaria,Encefalopatía hepática,CONCEPT-SET,165,,
México conjunto de diagnósticos de atención primaria,Encefalopatía hipóxico-isquémica del recien nacido,CONCEPT-SET,166,,
México conjunto de diagnósticos de atención primaria,Endometriosis uterina,CONCEPT-SET,167,,
México conjunto de diagnósticos de atención primaria,Enfermedad cardiaca congénita,CONCEPT-SET,168,,
México conjunto de diagnósticos de atención primaria,Enfermedad cardiaca hipertensiva,CONCEPT-SET,169,,
México conjunto de diagnósticos de atención primaria,enfermedad causada por la superfamilia Filarioidea,CONCEPT-SET,170,,
México conjunto de diagnósticos de atención primaria,enfermedad hemolítica del feto O recién nacido por isoinmunización,CONCEPT-SET,171,,
México conjunto de diagnósticos de atención primaria,enfermedad hemorrágica del recién nacido por deficiencia de vitamina K,CONCEPT-SET,172,,
México conjunto de diagnósticos de atención primaria,enfermedad hepática inflamatoria,CONCEPT-SET,173,,
México conjunto de diagnósticos de atención primaria,Enfermedad infecciosa,CONCEPT-SET,174,,
México conjunto de diagnósticos de atención primaria,enfermedad infecciosa intestinal,CONCEPT-SET,175,,
México conjunto de diagnósticos de atención primaria,enfermedad infecciosa neonatal,CONCEPT-SET,176,,
México conjunto de diagnósticos de atención primaria,Enfermedad inflamatoria pélvica,CONCEPT-SET,177,,
México conjunto de diagnósticos de atención primaria,enfermedad por virus Zika,CONCEPT-SET,178,,
México conjunto de diagnósticos de atención primaria,Enfermedad pulmonar obstructiva crónica,CONCEPT-SET,179,,
México conjunto de diagnósticos de atención primaria,Enfermedada de transmisión sexual,CONCEPT-SET,180,,
México conjunto de diagnósticos de atención primaria,Epilepsia,CONCEPT-SET,181,,
México conjunto de diagnósticos de atención primaria,erisipela,CONCEPT-SET,182,,
México conjunto de diagnósticos de atención primaria,eritema solar de primer grado,CONCEPT-SET,183,,
México conjunto de diagnósticos de atención primaria,Escabiasis,CONCEPT-SET,184,,
México conjunto de diagnósticos de atención primaria,Escoliosis congénita por malformación osea congénita,CONCEPT-SET,185,,
México conjunto de diagnósticos de atención primaria,esguince de cuello,CONCEPT-SET,186,,
México conjunto de diagnósticos de atención primaria,esguince de los ligamentos cruzados de la rodilla,CONCEPT-SET,187,,
México conjunto de diagnósticos de atención primaria,Esguince o desgarro muscular de tobillo,CONCEPT-SET,188,,
México conjunto de diagnósticos de atención primaria,esofagitis,CONCEPT-SET,189,,
México conjunto de diagnósticos de atención primaria,estado epiléptico,CONCEPT-SET,190,,
México conjunto de diagnósticos de atención primaria,Estenósis pilórica congénita,CONCEPT-SET,191,,
México conjunto de diagnósticos de atención primaria,Estomatitis candidiasica,CONCEPT-SET,192,,
México conjunto de diagnósticos de atención primaria,Estomatitis relacionada con VIH,CONCEPT-SET,193,,
México conjunto de diagnósticos de atención primaria,Estreñimiento,CONCEPT-SET,194,,
México conjunto de diagnósticos de atención primaria,Exacerbación asmática,CONCEPT-SET,195,,
México conjunto de diagnósticos de atención primaria,Exacerbación de falla cardiaca,CONCEPT-SET,196,,
México conjunto de diagnósticos de atención primaria,Exposición a VIH,CONCEPT-SET,197,,
México conjunto de diagnósticos de atención primaria,Exposición neonatal a sífilis,CONCEPT-SET,198,,
México conjunto de diagnósticos de atención primaria,Ezquizofrenia,CONCEPT-SET,199,,
México conjunto de diagnósticos de atención primaria,Falla cardiaca,CONCEPT-SET,200,,
México conjunto de diagnósticos de atención primaria,Falla renal aguda,CONCEPT-SET,201,,
México conjunto de diagnósticos de atención primaria,Faringitis,CONCEPT-SET,202,,
México conjunto de diagnósticos de atención primaria,Faringitis estreptocócica,CONCEPT-SET,203,,
México conjunto de diagnósticos de atención primaria,Faringoamigdalitis,CONCEPT-SET,204,,
México conjunto de diagnósticos de atención primaria,faringolaringitis,CONCEPT-SET,205,,
México conjunto de diagnósticos de atención primaria,Fascitis necrotizante,CONCEPT-SET,206,,
México conjunto de diagnósticos de atención primaria,PIH:Fever of unknown origin,CONCEPT-SET,207,"Referenced by PIH code because of overlapping concepts, see: https://pihemr.atlassian.net/browse/UHM-6678",
México conjunto de diagnósticos de atención primaria,fiebre de Chikungunya,CONCEPT-SET,208,,
México conjunto de diagnósticos de atención primaria,fiebre hemorrágica dengue,CONCEPT-SET,209,,
México conjunto de diagnósticos de atención primaria,fiebre hemorrágica viral,CONCEPT-SET,210,,
México conjunto de diagnósticos de atención primaria,Fiebre reumática,CONCEPT-SET,211,,
México conjunto de diagnósticos de atención primaria,Fiebre tifoidea,CONCEPT-SET,212,,
México conjunto de diagnósticos de atención primaria,"Fimosis, parafimosis",CONCEPT-SET,213,,
México conjunto de diagnósticos de atención primaria,Fístula vesico-vaginal,CONCEPT-SET,214,,
México conjunto de diagnósticos de atención primaria,Fisura anal,CONCEPT-SET,215,,
México conjunto de diagnósticos de atención primaria,Forunculosis,CONCEPT-SET,216,,
México conjunto de diagnósticos de atención primaria,Fractura,CONCEPT-SET,217,,
México conjunto de diagnósticos de atención primaria,Fractura costal,CONCEPT-SET,218,,
México conjunto de diagnósticos de atención primaria,Fractura de antebrazo,CONCEPT-SET,219,,
México conjunto de diagnósticos de atención primaria,Fractura de clavícula,CONCEPT-SET,220,,
México conjunto de diagnósticos de atención primaria,Fractura de cráneo y huesos faciales,CONCEPT-SET,221,,
México conjunto de diagnósticos de atención primaria,Fractura de húmero,CONCEPT-SET,222,,
México conjunto de diagnósticos de atención primaria,Fractura de pie,CONCEPT-SET,223,,
México conjunto de diagnósticos de atención primaria,Fractura de pierna,CONCEPT-SET,224,,
México conjunto de diagnósticos de atención primaria,Fractura expuesta,CONCEPT-SET,225,,
México conjunto de diagnósticos de atención primaria,Fractura patellar,CONCEPT-SET,226,,
México conjunto de diagnósticos de atención primaria,Fractura pélvica,CONCEPT-SET,227,,
México conjunto de diagnósticos de atención primaria,Fracturas de partes inespecíficas de la muñeca y la mano,CONCEPT-SET,228,,
México conjunto de diagnósticos de atención primaria,Fracturas femorales,CONCEPT-SET,229,,
México conjunto de diagnósticos de atención primaria,Gastritis,CONCEPT-SET,230,,
México conjunto de diagnósticos de atención primaria,Gastroduodenitis,CONCEPT-SET,231,,
México conjunto de diagnósticos de atención primaria,Gastroenteritis,CONCEPT-SET,232,,
México conjunto de diagnósticos de atención primaria,Gastroenteritis bacteriana,CONCEPT-SET,233,,
México conjunto de diagnósticos de atención primaria,Gastroenteritis y colitis,CONCEPT-SET,234,,
México conjunto de diagnósticos de atención primaria,Gastrosquisis,CONCEPT-SET,235,,
México conjunto de diagnósticos de atención primaria,Generalmente sano,CONCEPT-SET,236,,
México conjunto de diagnósticos de atención primaria,Gingivitis aguda,CONCEPT-SET,237,,
México conjunto de diagnósticos de atención primaria,glaucoma,CONCEPT-SET,238,,
México conjunto de diagnósticos de atención primaria,Gonorrea,CONCEPT-SET,239,,
México conjunto de diagnósticos de atención primaria,Gota,CONCEPT-SET,240,,
México conjunto de diagnósticos de atención primaria,hallazgo relacionado con la presión sanguínea alta,CONCEPT-SET,241,,
México conjunto de diagnósticos de atención primaria,Hallux valgus,CONCEPT-SET,242,,
México conjunto de diagnósticos de atención primaria,Helmintiasis,CONCEPT-SET,243,,
México conjunto de diagnósticos de atención primaria,Hematemesis,CONCEPT-SET,244,,
México conjunto de diagnósticos de atención primaria,Hematuria,CONCEPT-SET,245,,
México conjunto de diagnósticos de atención primaria,hemiparesia,CONCEPT-SET,246,,
México conjunto de diagnósticos de atención primaria,Hemiplegia,CONCEPT-SET,247,,
México conjunto de diagnósticos de atención primaria,Hemoptisis,CONCEPT-SET,248,,
México conjunto de diagnósticos de atención primaria,Hemorragia,CONCEPT-SET,249,,
México conjunto de diagnósticos de atención primaria,hemorragia intracraneal,CONCEPT-SET,250,,
México conjunto de diagnósticos de atención primaria,Hemorragia posparto,CONCEPT-SET,251,,
México conjunto de diagnósticos de atención primaria,Hemorroides,CONCEPT-SET,252,,
México conjunto de diagnósticos de atención primaria,Hemotorax traumatico,CONCEPT-SET,253,,
México conjunto de diagnósticos de atención primaria,Hepatitis A,CONCEPT-SET,254,,
México conjunto de diagnósticos de atención primaria,Hepatitis B,CONCEPT-SET,255,,
México conjunto de diagnósticos de atención primaria,hepatitis C aguda,CONCEPT-SET,256,,
México conjunto de diagnósticos de atención primaria,hepatitis C crónica,CONCEPT-SET,257,,
México conjunto de diagnósticos de atención primaria,Hepatitis viral,CONCEPT-SET,258,,
México conjunto de diagnósticos de atención primaria,Hepatitis viral aguda tipo B,CONCEPT-SET,259,,
México conjunto de diagnósticos de atención primaria,hepatopatía alcohólica,CONCEPT-SET,260,,
México conjunto de diagnósticos de atención primaria,Herida abierta,CONCEPT-SET,261,,
México conjunto de diagnósticos de atención primaria,Herida infectada posoperatoria,CONCEPT-SET,262,,
México conjunto de diagnósticos de atención primaria,Hernia con obstrucción,CONCEPT-SET,263,,
México conjunto de diagnósticos de atención primaria,Hernia diafragmática,CONCEPT-SET,264,,
México conjunto de diagnósticos de atención primaria,Hernia femoral,CONCEPT-SET,265,,
México conjunto de diagnósticos de atención primaria,hernia inguinal,CONCEPT-SET,266,,
México conjunto de diagnósticos de atención primaria,Hernia umbilical,CONCEPT-SET,267,,
México conjunto de diagnósticos de atención primaria,Herpes simple,CONCEPT-SET,268,,
México conjunto de diagnósticos de atención primaria,Herpes zoster,CONCEPT-SET,269,,
México conjunto de diagnósticos de atención primaria,Hidrocefalia,CONCEPT-SET,270,,
México conjunto de diagnósticos de atención primaria,hidrocele,CONCEPT-SET,271,,
México conjunto de diagnósticos de atención primaria,hidrosadenitis supurativa,CONCEPT-SET,272,,
México conjunto de diagnósticos de atención primaria,himen imperforado,CONCEPT-SET,273,,
México conjunto de diagnósticos de atención primaria,Hiperemesis gravídica,CONCEPT-SET,274,,
México conjunto de diagnósticos de atención primaria,hiperlipidemia,CONCEPT-SET,275,,
México conjunto de diagnósticos de atención primaria,Hiperplasia endometrial,CONCEPT-SET,276,,
México conjunto de diagnósticos de atención primaria,hiperplasia prostática benigna,CONCEPT-SET,277,,
México conjunto de diagnósticos de atención primaria,"hipertensión preexistente que complica el embarazo, parto y puerperio",CONCEPT-SET,278,,
México conjunto de diagnósticos de atención primaria,Hipertesion,CONCEPT-SET,279,,
México conjunto de diagnósticos de atención primaria,Hipoglicemia,CONCEPT-SET,280,,
México conjunto de diagnósticos de atención primaria,hipospadias,CONCEPT-SET,281,,
México conjunto de diagnósticos de atención primaria,Hipotiroidismo,CONCEPT-SET,282,,
México conjunto de diagnósticos de atención primaria,hipovitaminosis A con xeroftalmía,CONCEPT-SET,283,,
México conjunto de diagnósticos de atención primaria,Hipovolemia,CONCEPT-SET,284,,
México conjunto de diagnósticos de atención primaria,hirsutismo,CONCEPT-SET,285,,
México conjunto de diagnósticos de atención primaria,Ictericia,CONCEPT-SET,286,,
México conjunto de diagnósticos de atención primaria,ideación suicida,CONCEPT-SET,287,,
México conjunto de diagnósticos de atención primaria,Impétigo,CONCEPT-SET,288,,
México conjunto de diagnósticos de atención primaria,Infarto cerebral,CONCEPT-SET,289,,
México conjunto de diagnósticos de atención primaria,Infección aguda de las vías respiratorias inferiores,CONCEPT-SET,290,,
México conjunto de diagnósticos de atención primaria,Infeccion aguda de las vias respiratorias superiores,CONCEPT-SET,291,,
México conjunto de diagnósticos de atención primaria,Infección asintomática de VIH,CONCEPT-SET,292,,
México conjunto de diagnósticos de atención primaria,infección de las vías genitourinarias en el embarazo,CONCEPT-SET,293,,
México conjunto de diagnósticos de atención primaria,Infección de vías urinarias,CONCEPT-SET,294,,
México conjunto de diagnósticos de atención primaria,infección por Salmonella,CONCEPT-SET,295,,
México conjunto de diagnósticos de atención primaria,Infección por virus de la inmunodeficiencia humana,CONCEPT-SET,296,,
México conjunto de diagnósticos de atención primaria,Infección postraumática de una herida,CONCEPT-SET,297,,
México conjunto de diagnósticos de atención primaria,infértil,CONCEPT-SET,298,,
México conjunto de diagnósticos de atención primaria,Influenza,CONCEPT-SET,299,,
México conjunto de diagnósticos de atención primaria,Inoxicación alimentaria,CONCEPT-SET,300,,
México conjunto de diagnósticos de atención primaria,insomnio,CONCEPT-SET,301,,
México conjunto de diagnósticos de atención primaria,Insuficiencia hepática,CONCEPT-SET,302,,
México conjunto de diagnósticos de atención primaria,Insuficiencia renal,CONCEPT-SET,303,,
México conjunto de diagnósticos de atención primaria,Insuficiencia venosa periférica,CONCEPT-SET,304,,
México conjunto de diagnósticos de atención primaria,intento de suicidio,CONCEPT-SET,305,,
México conjunto de diagnósticos de atención primaria,Intoxicación,CONCEPT-SET,306,,
México conjunto de diagnósticos de atención primaria,kernicterus del recién nacido,CONCEPT-SET,307,,
México conjunto de diagnósticos de atención primaria,Kwashiorkor,CONCEPT-SET,308,,
México conjunto de diagnósticos de atención primaria,kwashiorkor marásmico,CONCEPT-SET,309,,
México conjunto de diagnósticos de atención primaria,Labio leporino,CONCEPT-SET,310,,
México conjunto de diagnósticos de atención primaria,leiomioma del útero,CONCEPT-SET,311,,
México conjunto de diagnósticos de atención primaria,Lepra,CONCEPT-SET,312,,
México conjunto de diagnósticos de atención primaria,leptospirosis,CONCEPT-SET,313,,
México conjunto de diagnósticos de atención primaria,Lesión contusa de rodilla,CONCEPT-SET,314,,
México conjunto de diagnósticos de atención primaria,Lesión contusa pierna,CONCEPT-SET,315,,
México conjunto de diagnósticos de atención primaria,Lesión de cabeza,CONCEPT-SET,316,,
México conjunto de diagnósticos de atención primaria,Lesión del manguito rotador,CONCEPT-SET,317,,
México conjunto de diagnósticos de atención primaria,Lesión del plexo braquial,CONCEPT-SET,318,,
México conjunto de diagnósticos de atención primaria,lesión traumática,CONCEPT-SET,319,,
México conjunto de diagnósticos de atención primaria,Leucemia,CONCEPT-SET,320,,
México conjunto de diagnósticos de atención primaria,Leucoplasia de la lengua,CONCEPT-SET,321,,
México conjunto de diagnósticos de atención primaria,leucorrea,CONCEPT-SET,322,,
México conjunto de diagnósticos de atención primaria,Linfadenitis aguda,CONCEPT-SET,323,,
México conjunto de diagnósticos de atención primaria,Linfadenopatía,CONCEPT-SET,324,,
México conjunto de diagnósticos de atención primaria,linfogranuloma venéreo,CONCEPT-SET,325,,
México conjunto de diagnósticos de atención primaria,"Linfoma maligno, no Hodgkin",CONCEPT-SET,326,,
México conjunto de diagnósticos de atención primaria,Linfoma maligno (clínico),CONCEPT-SET,327,,
México conjunto de diagnósticos de atención primaria,liquen plano,CONCEPT-SET,328,,
México conjunto de diagnósticos de atención primaria,liquen simple crónico,CONCEPT-SET,329,,
México conjunto de diagnósticos de atención primaria,Lordosis,CONCEPT-SET,330,,
México conjunto de diagnósticos de atención primaria,Lupus eritematoso sistémico,CONCEPT-SET,331,,
México conjunto de diagnósticos de atención primaria,Malaria,CONCEPT-SET,332,,
México conjunto de diagnósticos de atención primaria,Malformación congénita de la espina dorsal,CONCEPT-SET,333,,
México conjunto de diagnósticos de atención primaria,Malformación congénita de la mano,CONCEPT-SET,334,,
México conjunto de diagnósticos de atención primaria,Malformacion congenita de miembro(s),CONCEPT-SET,335,,
México conjunto de diagnósticos de atención primaria,malformación congénita del aparato genital femenino,CONCEPT-SET,336,,
México conjunto de diagnósticos de atención primaria,malformaciones congénitas múltiples,CONCEPT-SET,337,,
México conjunto de diagnósticos de atención primaria,Mania con síntomas psicóticos,CONCEPT-SET,338,,
México conjunto de diagnósticos de atención primaria,Mania sin síntomas psicóticos,CONCEPT-SET,339,,
México conjunto de diagnósticos de atención primaria,Marasmo,CONCEPT-SET,340,,
México conjunto de diagnósticos de atención primaria,Mastitis,CONCEPT-SET,341,,
México conjunto de diagnósticos de atención primaria,Mastopatía fibroquística difusa,CONCEPT-SET,342,,
México conjunto de diagnósticos de atención primaria,melasma,CONCEPT-SET,343,,
México conjunto de diagnósticos de atención primaria,Melena,CONCEPT-SET,344,,
México conjunto de diagnósticos de atención primaria,meningitis bacteriana,CONCEPT-SET,345,,
México conjunto de diagnósticos de atención primaria,Meningitis viral,CONCEPT-SET,346,,
México conjunto de diagnósticos de atención primaria,Meningococemia,CONCEPT-SET,347,,
México conjunto de diagnósticos de atención primaria,micetoma,CONCEPT-SET,348,,
México conjunto de diagnósticos de atención primaria,Micosis,CONCEPT-SET,349,,
México conjunto de diagnósticos de atención primaria,microcéfalo,CONCEPT-SET,350,,
México conjunto de diagnósticos de atención primaria,Mieloma multiple,CONCEPT-SET,351,,
México conjunto de diagnósticos de atención primaria,Migraña,CONCEPT-SET,352,,
México conjunto de diagnósticos de atención primaria,Miliaria cristalina,CONCEPT-SET,353,,
México conjunto de diagnósticos de atención primaria,miocarditis aguda,CONCEPT-SET,354,,
México conjunto de diagnósticos de atención primaria,Molusco contagioso,CONCEPT-SET,355,,
México conjunto de diagnósticos de atención primaria,Mordida de perro,CONCEPT-SET,356,,
México conjunto de diagnósticos de atención primaria,náuseas y vómitos,CONCEPT-SET,357,,
México conjunto de diagnósticos de atención primaria,Neoplasia,CONCEPT-SET,358,,
México conjunto de diagnósticos de atención primaria,neoplasia del encéfalo,CONCEPT-SET,359,,
México conjunto de diagnósticos de atención primaria,"Neoplasia intraepitelial cervical grado I, (NIC I)",CONCEPT-SET,360,,
México conjunto de diagnósticos de atención primaria,"Neoplasia intraepitelial cervical grado II, (NIC II)",CONCEPT-SET,361,,
México conjunto de diagnósticos de atención primaria,Neoplasia lipomatosa benigna,CONCEPT-SET,362,,
México conjunto de diagnósticos de atención primaria,Neumonía,CONCEPT-SET,363,,
México conjunto de diagnósticos de atención primaria,Neumonía bacteriana,CONCEPT-SET,364,,
México conjunto de diagnósticos de atención primaria,neumonía viral,CONCEPT-SET,365,,
México conjunto de diagnósticos de atención primaria,neuralgia,CONCEPT-SET,366,,
México conjunto de diagnósticos de atención primaria,Neuropatía,CONCEPT-SET,367,,
México conjunto de diagnósticos de atención primaria,obesidad,CONCEPT-SET,368,,
México conjunto de diagnósticos de atención primaria,obstrucción intestinal,CONCEPT-SET,369,,
México conjunto de diagnósticos de atención primaria,oligoamnios,CONCEPT-SET,370,,
México conjunto de diagnósticos de atención primaria,Omfalocele,CONCEPT-SET,371,,
México conjunto de diagnósticos de atención primaria,onfalitis del recién nacido,CONCEPT-SET,372,,
México conjunto de diagnósticos de atención primaria,onicomicosis,CONCEPT-SET,373,,
México conjunto de diagnósticos de atención primaria,orquitis y epididimitis,CONCEPT-SET,374,,
México conjunto de diagnósticos de atención primaria,Orzuelo,CONCEPT-SET,375,,
México conjunto de diagnósticos de atención primaria,osteomielitis,CONCEPT-SET,376,,
México conjunto de diagnósticos de atención primaria,otalgia,CONCEPT-SET,377,,
México conjunto de diagnósticos de atención primaria,Otitis externa,CONCEPT-SET,378,,
México conjunto de diagnósticos de atención primaria,Otitis media,CONCEPT-SET,379,,
México conjunto de diagnósticos de atención primaria,otitis media aguda,CONCEPT-SET,380,,
México conjunto de diagnósticos de atención primaria,Otras enfermedades de transmision sexual debidas a clamidias,CONCEPT-SET,381,,
México conjunto de diagnósticos de atención primaria,Ovario poliquístico,CONCEPT-SET,382,,
México conjunto de diagnósticos de atención primaria,Paladar hendido,CONCEPT-SET,383,,
México conjunto de diagnósticos de atención primaria,Parásitos intestinales,CONCEPT-SET,384,,
México conjunto de diagnósticos de atención primaria,Parestesia,CONCEPT-SET,385,,
México conjunto de diagnósticos de atención primaria,paro cardíaco,CONCEPT-SET,386,,
México conjunto de diagnósticos de atención primaria,Parotiditis,CONCEPT-SET,387,,
México conjunto de diagnósticos de atención primaria,Perdida anormal de peso,CONCEPT-SET,388,,
México conjunto de diagnósticos de atención primaria,perforación de la membrana timpánica,CONCEPT-SET,389,,
México conjunto de diagnósticos de atención primaria,pericarditis aguda,CONCEPT-SET,390,,
México conjunto de diagnósticos de atención primaria,Periodontitis aguda,CONCEPT-SET,391,,
México conjunto de diagnósticos de atención primaria,Peritonitis,CONCEPT-SET,392,,
México conjunto de diagnósticos de atención primaria,Picadura de insecto,CONCEPT-SET,393,,
México conjunto de diagnósticos de atención primaria,Pie cavo,CONCEPT-SET,394,,
México conjunto de diagnósticos de atención primaria,pie diabético,CONCEPT-SET,395,,
México conjunto de diagnósticos de atención primaria,Pielonefritis,CONCEPT-SET,396,,
México conjunto de diagnósticos de atención primaria,piodermitis,CONCEPT-SET,397,,
México conjunto de diagnósticos de atención primaria,Piotorax,CONCEPT-SET,398,,
México conjunto de diagnósticos de atención primaria,pirosis,CONCEPT-SET,399,,
México conjunto de diagnósticos de atención primaria,pitiriasis alba,CONCEPT-SET,400,,
México conjunto de diagnósticos de atención primaria,Pitiriasis versicolor,CONCEPT-SET,401,,
México conjunto de diagnósticos de atención primaria,placa de psoriasis,CONCEPT-SET,402,,
México conjunto de diagnósticos de atención primaria,placenta previa,CONCEPT-SET,403,,
México conjunto de diagnósticos de atención primaria,Planificación familiar,CONCEPT-SET,404,,
México conjunto de diagnósticos de atención primaria,Pneumotorax,CONCEPT-SET,405,,
México conjunto de diagnósticos de atención primaria,Pneumotorax traumático,CONCEPT-SET,406,,
México conjunto de diagnósticos de atención primaria,Poliartropatía inflamatoria,CONCEPT-SET,407,,
México conjunto de diagnósticos de atención primaria,polidactilia,CONCEPT-SET,408,,
México conjunto de diagnósticos de atención primaria,polihidramnios,CONCEPT-SET,409,,
México conjunto de diagnósticos de atención primaria,Poliomielitis aguda,CONCEPT-SET,410,,
México conjunto de diagnósticos de atención primaria,Pólipo anal,CONCEPT-SET,411,,
México conjunto de diagnósticos de atención primaria,Pólipo nasal,CONCEPT-SET,412,,
México conjunto de diagnósticos de atención primaria,Preeclampsia,CONCEPT-SET,413,,
México conjunto de diagnósticos de atención primaria,Presbicia,CONCEPT-SET,414,,
México conjunto de diagnósticos de atención primaria,Problema dental,CONCEPT-SET,415,,
México conjunto de diagnósticos de atención primaria,Problemas de alimentación del recien nacido,CONCEPT-SET,416,,
México conjunto de diagnósticos de atención primaria,prolapso de cordón - nacido,CONCEPT-SET,417,,
México conjunto de diagnósticos de atención primaria,Prolapso genital femenino,CONCEPT-SET,418,,
México conjunto de diagnósticos de atención primaria,Prolapso rectal,CONCEPT-SET,419,,
México conjunto de diagnósticos de atención primaria,prostatitis,CONCEPT-SET,420,,
México conjunto de diagnósticos de atención primaria,prurigo simple,CONCEPT-SET,421,,
México conjunto de diagnósticos de atención primaria,Prurito,CONCEPT-SET,422,,
México conjunto de diagnósticos de atención primaria,Psicosis,CONCEPT-SET,423,,
México conjunto de diagnósticos de atención primaria,Pterigión,CONCEPT-SET,424,,
México conjunto de diagnósticos de atención primaria,puerperio,CONCEPT-SET,425,,
México conjunto de diagnósticos de atención primaria,Púrpura tromcitopénica idiopática,CONCEPT-SET,426,,
México conjunto de diagnósticos de atención primaria,Quemadura,CONCEPT-SET,427,,
México conjunto de diagnósticos de atención primaria,quemadura solar de segundo grado,CONCEPT-SET,428,,
México conjunto de diagnósticos de atención primaria,quemadura solar de tercer grado,CONCEPT-SET,429,,
México conjunto de diagnósticos de atención primaria,queratosis actínica,CONCEPT-SET,430,,
México conjunto de diagnósticos de atención primaria,queratosis seborreica,CONCEPT-SET,431,,
México conjunto de diagnósticos de atención primaria,Quiste ovárico,CONCEPT-SET,432,,
México conjunto de diagnósticos de atención primaria,Quiste solitario de la mama,CONCEPT-SET,433,,
México conjunto de diagnósticos de atención primaria,Rabia,CONCEPT-SET,434,,
México conjunto de diagnósticos de atención primaria,Reacción adversa a medicamentos,CONCEPT-SET,435,,
México conjunto de diagnósticos de atención primaria,Recién nacido macrosómico,CONCEPT-SET,436,,
México conjunto de diagnósticos de atención primaria,Recién nacido postérmino,CONCEPT-SET,437,,
México conjunto de diagnósticos de atención primaria,Recién nacido pretermino,CONCEPT-SET,438,,
México conjunto de diagnósticos de atención primaria,Recién nacido vivo,CONCEPT-SET,439,,
México conjunto de diagnósticos de atención primaria,Reflujo gastroesofágico,CONCEPT-SET,440,,
México conjunto de diagnósticos de atención primaria,Resfriado común,CONCEPT-SET,441,,
México conjunto de diagnósticos de atención primaria,retención de orina,CONCEPT-SET,442,,
México conjunto de diagnósticos de atención primaria,retinoblastoma,CONCEPT-SET,443,,
México conjunto de diagnósticos de atención primaria,Rinitis alérgica,CONCEPT-SET,444,,
México conjunto de diagnósticos de atención primaria,rosácea,CONCEPT-SET,445,,
México conjunto de diagnósticos de atención primaria,rubéola,CONCEPT-SET,446,,
México conjunto de diagnósticos de atención primaria,Ruptura de manguito rotador,CONCEPT-SET,447,,
México conjunto de diagnósticos de atención primaria,Ruptura del tendón de Aquilles,CONCEPT-SET,448,,
México conjunto de diagnósticos de atención primaria,ruptura prematura de membranas,CONCEPT-SET,449,,
México conjunto de diagnósticos de atención primaria,Salpullido y otras erupciones cutaneas s,CONCEPT-SET,450,,
México conjunto de diagnósticos de atención primaria,sangrado intermenstrual irregular,CONCEPT-SET,451,,
México conjunto de diagnósticos de atención primaria,Sangrado vaginal anormal,CONCEPT-SET,452,,
México conjunto de diagnósticos de atención primaria,Sarampión,CONCEPT-SET,453,,
México conjunto de diagnósticos de atención primaria,Sepsis,CONCEPT-SET,454,,
México conjunto de diagnósticos de atención primaria,Sepsis neonatal,CONCEPT-SET,455,,
México conjunto de diagnósticos de atención primaria,Sífilis,CONCEPT-SET,456,,
México conjunto de diagnósticos de atención primaria,sífilis congénita,CONCEPT-SET,457,,
México conjunto de diagnósticos de atención primaria,Sindactilia,CONCEPT-SET,458,,
México conjunto de diagnósticos de atención primaria,Síndrome de Guillán-Barré,CONCEPT-SET,459,,
México conjunto de diagnósticos de atención primaria,síndrome de trisomía 21 completa,CONCEPT-SET,460,,
México conjunto de diagnósticos de atención primaria,Sindrome del maltrato,CONCEPT-SET,461,,
México conjunto de diagnósticos de atención primaria,síndrome HELLP,CONCEPT-SET,462,,
México conjunto de diagnósticos de atención primaria,Síntomas del sistema urinario,CONCEPT-SET,463,,
México conjunto de diagnósticos de atención primaria,sinusitis aguda,CONCEPT-SET,464,,
México conjunto de diagnósticos de atención primaria,Sinusitis crónica,CONCEPT-SET,465,,
México conjunto de diagnósticos de atención primaria,Talo equinovaro,CONCEPT-SET,466,,
México conjunto de diagnósticos de atención primaria,testículo no descendido,CONCEPT-SET,467,,
México conjunto de diagnósticos de atención primaria,tétanos,CONCEPT-SET,468,,
México conjunto de diagnósticos de atención primaria,tétanos del neonato,CONCEPT-SET,469,,
México conjunto de diagnósticos de atención primaria,Tétanos obstétrico,CONCEPT-SET,470,,
México conjunto de diagnósticos de atención primaria,tetralogía de Fallot,CONCEPT-SET,471,,
México conjunto de diagnósticos de atención primaria,Tiña corporal,CONCEPT-SET,472,,
México conjunto de diagnósticos de atención primaria,Tiña cutánea,CONCEPT-SET,473,,
México conjunto de diagnósticos de atención primaria,Torsión ovárica,CONCEPT-SET,474,,
México conjunto de diagnósticos de atención primaria,Torsión testicular,CONCEPT-SET,475,,
México conjunto de diagnósticos de atención primaria,tos,CONCEPT-SET,476,,
México conjunto de diagnósticos de atención primaria,trastorno bipolar,CONCEPT-SET,477,,
México conjunto de diagnósticos de atención primaria,trastorno de ansiedad generalizada,CONCEPT-SET,478,,
México conjunto de diagnósticos de atención primaria,Trastorno de estrés postraumático,CONCEPT-SET,479,,
México conjunto de diagnósticos de atención primaria,Trastorno de la uña,CONCEPT-SET,480,,
México conjunto de diagnósticos de atención primaria,trastorno del encéfalo,CONCEPT-SET,481,,
México conjunto de diagnósticos de atención primaria,trastorno obsesivo-compulsivo,CONCEPT-SET,482,,
México conjunto de diagnósticos de atención primaria,Trastornos de la articulación temporomaxilar,CONCEPT-SET,483,,
México conjunto de diagnósticos de atención primaria,Tricomoniasis,CONCEPT-SET,484,,
México conjunto de diagnósticos de atención primaria,Trombosis venosa profunda,CONCEPT-SET,485,,
México conjunto de diagnósticos de atención primaria,tuberculosis del sistema nervioso central,CONCEPT-SET,486,,
México conjunto de diagnósticos de atención primaria,tuberculosis diseminada,CONCEPT-SET,487,,
México conjunto de diagnósticos de atención primaria,Tuberculosis extrapulmonar,CONCEPT-SET,488,,
México conjunto de diagnósticos de atención primaria,tuberculosis miliar,CONCEPT-SET,489,,
México conjunto de diagnósticos de atención primaria,Tuberculosis pulmonar,CONCEPT-SET,490,,
México conjunto de diagnósticos de atención primaria,"Tumefaccion, masa o prominencia intraabdominal y pelvica",CONCEPT-SET,491,,
México conjunto de diagnósticos de atención primaria,Tumor benigno de la mama,CONCEPT-SET,492,,
México conjunto de diagnósticos de atención primaria,Tumor cerebral maligno,CONCEPT-SET,493,,
México conjunto de diagnósticos de atención primaria,tumor maligno de mama,CONCEPT-SET,494,,
México conjunto de diagnósticos de atención primaria,tumor maligno de próstata,CONCEPT-SET,495,,
México conjunto de diagnósticos de atención primaria,tumor maligno del cuello uterino,CONCEPT-SET,496,,
México conjunto de diagnósticos de atención primaria,tumor maligno del escroto,CONCEPT-SET,497,,
México conjunto de diagnósticos de atención primaria,tumor maligno del intestino,CONCEPT-SET,498,,
México conjunto de diagnósticos de atención primaria,Tumor maligno del pulmón,CONCEPT-SET,499,,
México conjunto de diagnósticos de atención primaria,Úlcera duodenal,CONCEPT-SET,500,,
México conjunto de diagnósticos de atención primaria,Úlcera gástrica,CONCEPT-SET,501,,
México conjunto de diagnósticos de atención primaria,Úlcera péptica,CONCEPT-SET,502,,
México conjunto de diagnósticos de atención primaria,úlcera por presión,CONCEPT-SET,503,,
México conjunto de diagnósticos de atención primaria,ulceración de la vulva,CONCEPT-SET,504,,
México conjunto de diagnósticos de atención primaria,Ulceras genitales o chancro blando,CONCEPT-SET,505,,
México conjunto de diagnósticos de atención primaria,urticaria colinérgica,CONCEPT-SET,506,,
México conjunto de diagnósticos de atención primaria,vaginitis aguda,CONCEPT-SET,507,,
México conjunto de diagnósticos de atención primaria,Vaginosis bacteriana,CONCEPT-SET,508,,
México conjunto de diagnósticos de atención primaria,Varicela,CONCEPT-SET,509,,
México conjunto de diagnósticos de atención primaria,Varicocele,CONCEPT-SET,510,,
México conjunto de diagnósticos de atención primaria,vejiga: incontinente,CONCEPT-SET,511,,
México conjunto de diagnósticos de atención primaria,Vértigo/Mareo,CONCEPT-SET,512,,
México conjunto de diagnósticos de atención primaria,VIH en el embarazo,CONCEPT-SET,513,,
México conjunto de diagnósticos de atención primaria,Virus papiloma humnao,CONCEPT-SET,514,,
México conjunto de diagnósticos de atención primaria,vitiligo,CONCEPT-SET,515,,
